fournisseur;ref_sku;nom_commercial;famille;categorie;poids_piece;unites_par_colis;url_source;date_collecte
Coup de Pates;25092;CROISSANT LE TOURIER 70G;VIEN;croissants;70g;120;https://shop.coupdepates.fr/TOUS-LES-PRODUITS/VIENNOISERIE/CROISSANTS-CRUS/CROISSANT-LE-TOURIER-70G/p/25092;2026-09-10
Coup de Pates;25096;CROISSANT DU FOURNIL 70G;VIEN;croissants;70g;160;https://shop.coupdepates.fr/TOUS-LES-PRODUITS/VIENNOISERIE/CROISSANTS-CRUS/CROISSANT-DU-FOURNIL-70G/p/25096;2026-09-10
Coup de Pates;25113;PAIN CHOCOLAT 2 BARRES BEURRE D´ISIGNY AOP 80G;VIEN;pains-au-chocolat;80g;150;https://shop.coupdepates.fr/TOUS-LES-PRODUITS/VIENNOISERIE/PAINS-AU-CHOCOLAT-CRUS/PAIN-CHOCOLAT-2-BARRES-BEURRE-D%C2%B4ISIGNY-AOP-80G/p/25113;2026-09-10
Coup de Pates;25112;CROISSANT BEURRE D´ISIGNY AOP 70G;VIEN;croissants;70g;150;https://shop.coupdepates.fr/TOUS-LES-PRODUITS/VIENNOISERIE/CROISSANTS-CRUS/CROISSANT-BEURRE-D%C2%B4ISIGNY-AOP-70G/p/25112;2026-09-10
Coup de Pates;25115;CHAUSSON POMME BEURRE D´ISIGNY AOP;VIEN;autres-viennoiseries;100g;40;https://shop.coupdepates.fr/TOUS-LES-PRODUITS/VIENNOISERIE/CHAUSSONS/CHAUSSON-POMME-BEURRE-D%C2%B4ISIGNY-AOP/p/25115;2026-09-10
Coup de Pates;25978;MINI PAIN CHOCOLAT 2 BARRES PREPOUSSE BEURRE D'ISIGNY AOP;VIEN;pains-au-chocolat;40g;170;https://shop.coupdepates.fr/TOUS-LES-PRODUITS/VIENNOISERIE/MINI-VIENNOISERIES-CLASSIQUES/MINI-PAIN-CHOCOLAT-2-BARRES-PREPOUSSE-BEURRE-D%27ISIGNY-AOP/p/25978;2026-09-10
Coup de Pates;25977;MINI CROISSANT PREPOUSSE BEURRE D'ISIGNY AOP;VIEN;croissants;30g;210;https://shop.coupdepates.fr/TOUS-LES-PRODUITS/VIENNOISERIE/MINI-VIENNOISERIES-CLASSIQUES/MINI-CROISSANT-PREPOUSSE-BEURRE-D%27ISIGNY-AOP/p/25977;2026-09-10
Coup de Pates;70595;CROISSANT LE FLEURON DU FOURNIL CRU 70G;VIEN;croissants;70g;150;https://shop.coupdepates.fr/TOUS-LES-PRODUITS/VIENNOISERIE/CROISSANTS-CRUS/CROISSANT-LE-FLEURON-DU-FOURNIL-CRU-70G/p/70595;2026-09-10
Coup de Pates;70596;PAIN CHOCOLAT 2 BARRES LE FLEURON DU FOURNIL CRU 80G;VIEN;pains-au-chocolat;80g;150;https://shop.coupdepates.fr/TOUS-LES-PRODUITS/VIENNOISERIE/PAINS-AU-CHOCOLAT-CRUS/PAIN-CHOCOLAT-2-BARRES-LE-FLEURON-DU-FOURNIL-CRU-80G/p/70596;2026-09-10
Coup de Pates;22071;CROISSANT COURBE DU FOURNIL 70G;VIEN;croissants;70g;165;https://shop.coupdepates.fr/TOUS-LES-PRODUITS/VIENNOISERIE/CROISSANTS-CRUS/CROISSANT-COURBE-DU-FOURNIL-70G/p/22071;2026-09-10
Coup de Pates;25098;PAIN CHOCOLAT 2 BARRES DU FOURNIL 80G;VIEN;pains-au-chocolat;80g;150;https://shop.coupdepates.fr/TOUS-LES-PRODUITS/VIENNOISERIE/PAINS-AU-CHOCOLAT-CRUS/PAIN-CHOCOLAT-2-BARRES-DU-FOURNIL-80G/p/25098;2026-09-10
Coup de Pates;25228;CROISSANT DU FOURNIL 80G;VIEN;croissants;80g;135;https://shop.coupdepates.fr/TOUS-LES-PRODUITS/VIENNOISERIE/CROISSANTS-CRUS/CROISSANT-DU-FOURNIL-80G/p/25228;2026-09-10
Coup de Pates;840806;MINI CROISSANT LES SECRETS DU FOURNIL® PRÉPOUSSÉ 30G;VIEN;croissants;30g;195;https://shop.coupdepates.fr/TOUS-LES-PRODUITS/VIENNOISERIE/MINI-VIENNOISERIES-CLASSIQUES/MINI-CROISSANT-LES-SECRETS-DU-FOURNIL%C2%AE-PR%C3%89POUSS%C3%89-30G/p/840806;2026-09-10
Coup de Pates;840807;MINI PAIN CHOCOLAT 2 BARRES LES SECRETS DU FOURNIL PREP 35G;VIEN;pains-au-chocolat;35g;210;https://shop.coupdepates.fr/TOUS-LES-PRODUITS/VIENNOISERIE/MINI-VIENNOISERIES-CLASSIQUES/MINI-PAIN-CHOCOLAT-2-BARRES-LES-SECRETS-DU-FOURNIL-PREP-35G/p/840807;2026-09-10
Coup de Pates;22229;CROISSANT COURBE PREPOUSSE LE TOURIER;VIEN;croissants;70g;69;https://shop.coupdepates.fr/TOUS-LES-PRODUITS/VIENNOISERIE/CROISSANTS-PREPOUSSES/CROISSANT-COURBE-PREPOUSSE-LE-TOURIER/p/22229;2026-09-10
Coup de Pates;25014;PAIN RAISIN PREPOUSSE LE TOURIER;VIEN;pains-aux-raisins;130g;50;https://shop.coupdepates.fr/TOUS-LES-PRODUITS/VIENNOISERIE/PAINS-AUX-RAISINS/PAIN-RAISIN-PREPOUSSE-LE-TOURIER/p/25014;2026-09-10
Coup de Pates;25093;PAIN CHOCOLAT 2 BARRES LE TOURIER 80G;VIEN;pains-au-chocolat;80g;120;https://shop.coupdepates.fr/TOUS-LES-PRODUITS/VIENNOISERIE/PAINS-AU-CHOCOLAT-CRUS/PAIN-CHOCOLAT-2-BARRES-LE-TOURIER-80G/p/25093;2026-09-10
Coup de Pates;25091;PAIN CHOCOLAT 2 BARRES LE TOURIER 70G;VIEN;pains-au-chocolat;70g;140;https://shop.coupdepates.fr/TOUS-LES-PRODUITS/VIENNOISERIE/PAINS-AU-CHOCOLAT-CRUS/PAIN-CHOCOLAT-2-BARRES-LE-TOURIER-70G/p/25091;2026-09-10
Coup de Pates;25124;BIG CHOCO 2 BARRES LE TOURIER;VIEN;viennoiserie;120g;90;https://shop.coupdepates.fr/TOUS-LES-PRODUITS/VIENNOISERIE/PAINS-AU-CHOCOLAT-CRUS/BIG-CHOCO-2-BARRES-LE-TOURIER/p/25124;2026-09-10
Coup de Pates;25207;CROISSANT PREPOUSSE DU FOURNIL;VIEN;croissants;80g;60;https://shop.coupdepates.fr/TOUS-LES-PRODUITS/VIENNOISERIE/CROISSANTS-PREPOUSSES/CROISSANT-PREPOUSSE-DU-FOURNIL/p/25207;2026-09-10
Coup de Pates;25229;CROISSANT LE TOURIER COURBE 70G;VIEN;croissants;70g;162;https://shop.coupdepates.fr/TOUS-LES-PRODUITS/VIENNOISERIE/CROISSANTS-CRUS/CROISSANT-LE-TOURIER-COURBE-70G/p/25229;2026-09-10
Coup de Pates;25220;PAIN RAISIN FEUILLETE LE TOURIER;VIEN;pains-aux-raisins;130g;70;https://shop.coupdepates.fr/TOUS-LES-PRODUITS/VIENNOISERIE/PAINS-AUX-RAISINS/PAIN-RAISIN-FEUILLETE-LE-TOURIER/p/25220;2026-09-10
Coup de Pates;25218;CROISSANT LE TOURIER 80G;VIEN;croissants;80g;110;https://shop.coupdepates.fr/TOUS-LES-PRODUITS/VIENNOISERIE/CROISSANTS-CRUS/CROISSANT-LE-TOURIER-80G/p/25218;2026-09-10
Coup de Pates;25261;MINI PAIN CHOCOLAT 2 BARRES LE TOURIER® 30G;VIEN;pains-au-chocolat;30g;200;https://shop.coupdepates.fr/TOUS-LES-PRODUITS/VIENNOISERIE/MINI-VIENNOISERIES-CLASSIQUES/MINI-PAIN-CHOCOLAT-2-BARRES-LE-TOURIER%C2%AE-30G/p/25261;2026-09-10
Coup de Pates;25004;MINI PAIN CHOCOLAT 2 BARRES SELECTION PREPOUSSE;VIEN;pains-au-chocolat;25g;250;https://shop.coupdepates.fr/TOUS-LES-PRODUITS/VIENNOISERIE/MINI-VIENNOISERIES-CLASSIQUES/MINI-PAIN-CHOCOLAT-2-BARRES-SELECTION-PREPOUSSE/p/25004;2026-09-10
Coup de Pates;25003;MINI PAIN RAISIN SELECTION PREPOUSSE;VIEN;pains-aux-raisins;30g;120;https://shop.coupdepates.fr/TOUS-LES-PRODUITS/VIENNOISERIE/MINI-VIENNOISERIES-CLASSIQUES/MINI-PAIN-RAISIN-SELECTION-PREPOUSSE/p/25003;2026-09-10
Coup de Pates;25002;MINI CROISSANT SELECTION PREPOUSSE;VIEN;croissants;25g;225;https://shop.coupdepates.fr/TOUS-LES-PRODUITS/VIENNOISERIE/MINI-VIENNOISERIES-CLASSIQUES/MINI-CROISSANT-SELECTION-PREPOUSSE/p/25002;2026-09-10
Coup de Pates;25001;BEIGNET BRETZEL;VIEN;autres-viennoiseries;70g;48;https://shop.coupdepates.fr/TOUS-LES-PRODUITS/VIENNOISERIE/BEIGNETS/BEIGNET-BRETZEL/p/25001;2026-09-10
Coup de Pates;25048;MINI PALMIER GOURMAND;VIEN;viennoiserie;20g;200;https://shop.coupdepates.fr/TOUS-LES-PRODUITS/VIENNOISERIE/MINI-VIENNOISERIES-GOURMANDES/MINI-PALMIER-GOURMAND/p/25048;2026-09-10
Coup de Pates;25043;TORSADE PEPITES DE CHOCOLAT BEURRE FIN;VIEN;autres-viennoiseries;120g;60;https://shop.coupdepates.fr/TOUS-LES-PRODUITS/VIENNOISERIE/VIENNOISERIES-GOURMANDES/TORSADE-PEPITES-DE-CHOCOLAT-BEURRE-FIN/p/25043;2026-09-10
Coup de Pates;25077;BRIOCHETTE TETE;VIEN;autres-viennoiseries;50g;80;https://shop.coupdepates.fr/TOUS-LES-PRODUITS/VIENNOISERIE/BRIOCHES/BRIOCHETTE-TETE/p/25077;2026-09-10
Coup de Pates;25046;CIGARETTE;VIEN;viennoiserie;7.042g;142;https://shop.coupdepates.fr/TOUS-LES-PRODUITS/VIENNOISERIE/P%C3%82TES-JAUNES%2C-SECHES-%26-A-CHOUX/CIGARETTE/p/25046;2026-09-10
Coup de Pates;25044;TUILES AUX AMANDES;VIEN;viennoiserie;8.571g;70;https://shop.coupdepates.fr/TOUS-LES-PRODUITS/VIENNOISERIE/P%C3%82TES-JAUNES%2C-SECHES-%26-A-CHOUX/TUILES-AUX-AMANDES/p/25044;2026-09-10
Coup de Pates;25047;PANCAKE DIAM 90;PATI;autres-patisseries;25g;80;https://shop.coupdepates.fr/TOUS-LES-PRODUITS/VIENNOISERIE/CR%C3%8APES%2C-PANCAKES-%26-GAUFRES/PANCAKE-DIAM-90/p/25047;2026-09-10
Coup de Pates;25083;GAUFRE BRUXELLOISE;PATI;autres-patisseries;80g;50;https://shop.coupdepates.fr/TOUS-LES-PRODUITS/VIENNOISERIE/CR%C3%8APES%2C-PANCAKES-%26-GAUFRES/GAUFRE-BRUXELLOISE/p/25083;2026-09-10
Coup de Pates;25095;PAIN CHOCOLAT 2 BARRES BEURRE CHARENTES POITOU AOP 90G;VIEN;pains-au-chocolat;90g;100;https://shop.coupdepates.fr/TOUS-LES-PRODUITS/VIENNOISERIE/PAINS-AU-CHOCOLAT-CRUS/PAIN-CHOCOLAT-2-BARRES-BEURRE-CHARENTES-POITOU-AOP-90G/p/25095;2026-09-10
Coup de Pates;25079;JESUITE;VIEN;viennoiserie;180g;25;https://shop.coupdepates.fr/TOUS-LES-PRODUITS/VIENNOISERIE/VIENNOISERIES-GOURMANDES/JESUITE/p/25079;2026-09-10
Coup de Pates;25103;MAXI PALMIER GOURMAND CRU 120G;VIEN;viennoiserie;120g;60;https://shop.coupdepates.fr/TOUS-LES-PRODUITS/VIENNOISERIE/VIENNOISERIES-GOURMANDES/MAXI-PALMIER-GOURMAND-CRU-120G/p/25103;2026-09-10
Coup de Pates;25116;CROISSANT BEURRE FIN 60G;VIEN;croissants;60g;180;https://shop.coupdepates.fr/TOUS-LES-PRODUITS/VIENNOISERIE/CROISSANTS-CRUS/CROISSANT-BEURRE-FIN-60G/p/25116;2026-09-10
Coup de Pates;25132;CHAUSSON POMME FRAMBOISE;VIEN;autres-viennoiseries;100g;54;https://shop.coupdepates.fr/TOUS-LES-PRODUITS/VIENNOISERIE/CHAUSSONS/CHAUSSON-POMME-FRAMBOISE/p/25132;2026-09-10
Coup de Pates;25104;PAIN RAISIN FEUILLETE BEURRE FIN;VIEN;pains-aux-raisins;105g;120;https://shop.coupdepates.fr/TOUS-LES-PRODUITS/VIENNOISERIE/PAINS-AUX-RAISINS/PAIN-RAISIN-FEUILLETE-BEURRE-FIN/p/25104;2026-09-10
Coup de Pates;25155;PAIN RAISIN BRIOCHE 170G;VIEN;pains-aux-raisins;170g;45;https://shop.coupdepates.fr/TOUS-LES-PRODUITS/VIENNOISERIE/PAINS-AUX-RAISINS/PAIN-RAISIN-BRIOCHE-170G/p/25155;2026-09-10
Coup de Pates;25144;BRIOCHETTE BOULE;VIEN;autres-viennoiseries;60g;150;https://shop.coupdepates.fr/TOUS-LES-PRODUITS/VIENNOISERIE/BRIOCHES/BRIOCHETTE-BOULE/p/25144;2026-09-10
Coup de Pates;28193;TRANCHE BRIOCHE PERDUE CUITE 85G;VIEN;autres-viennoiseries;85g;36;https://shop.coupdepates.fr/TOUS-LES-PRODUITS/VIENNOISERIE/BRIOCHES/TRANCHE-BRIOCHE-PERDUE-CUITE-85G/p/28193;2026-09-10
Coup de Pates;838234;MADELEINE NATURE;PATI;autres-patisseries;50g;60;https://shop.coupdepates.fr/TOUS-LES-PRODUITS/VIENNOISERIE/P%C3%82TES-JAUNES%2C-SECHES-%26-A-CHOUX/MADELEINE-NATURE/p/838234;2026-09-10
Coup de Pates;28108;KOUGLOF SUCRE;VIEN;viennoiserie;400g;10;https://shop.coupdepates.fr/TOUS-LES-PRODUITS/VIENNOISERIE/BRIOCHES/KOUGLOF-SUCRE/p/28108;2026-09-10
Coup de Pates;28122;BOTTEREAUX;VIEN;viennoiserie;20.619g;97;https://shop.coupdepates.fr/TOUS-LES-PRODUITS/VIENNOISERIE/BEIGNETS/BOTTEREAUX/p/28122;2026-09-10
Coup de Pates;25513;CREPE FINE NATURE SAVEUR FLEUR D'ORANGER DIAM 270 (PLIEE EN DEUX;VIEN;viennoiserie;50g;50;https://shop.coupdepates.fr/TOUS-LES-PRODUITS/VIENNOISERIE/CR%C3%8APES%2C-PANCAKES-%26-GAUFRES/CREPE-FINE-NATURE-SAVEUR-FLEUR-D%27ORANGER-DIAM-270-%28PLIEE-EN-DEUX/p/25513;2026-09-10
Coup de Pates;25130;CHAUSSON POMME;VIEN;autres-viennoiseries;100g;54;https://shop.coupdepates.fr/TOUS-LES-PRODUITS/VIENNOISERIE/CHAUSSONS/CHAUSSON-POMME/p/25130;2026-09-10
Coup de Pates;25171;PAIN AU LAIT;PAIN;autres-pains;70g;90;https://shop.coupdepates.fr/TOUS-LES-PRODUITS/VIENNOISERIE/BRIOCHES/PAIN-AU-LAIT/p/25171;2026-09-10
Coup de Pates;25110;CROISSANT BEURRE CHARENTES POITOU AOP 80G;VIEN;croissants;80g;150;https://shop.coupdepates.fr/TOUS-LES-PRODUITS/VIENNOISERIE/CROISSANTS-CRUS/CROISSANT-BEURRE-CHARENTES-POITOU-AOP-80G/p/25110;2026-09-10
Coup de Pates;25139;CHAUSSON POMME AVEC MORCEAUX;VIEN;autres-viennoiseries;100g;44;https://shop.coupdepates.fr/TOUS-LES-PRODUITS/VIENNOISERIE/CHAUSSONS/CHAUSSON-POMME-AVEC-MORCEAUX/p/25139;2026-09-10
Coup de Pates;25120;PAIN CHOCOLAT BEURRE FIN 2 BARRES 70G - PRE DORE;VIEN;pains-au-chocolat;70g;180;https://shop.coupdepates.fr/TOUS-LES-PRODUITS/VIENNOISERIE/PAINS-AU-CHOCOLAT-CRUS/PAIN-CHOCOLAT-BEURRE-FIN-2-BARRES-70G---PRE-DORE/p/25120;2026-09-10
Coup de Pates;25127;PAIN RAISIN BRIOCHE 120G;VIEN;pains-aux-raisins;120g;60;https://shop.coupdepates.fr/TOUS-LES-PRODUITS/VIENNOISERIE/PAINS-AUX-RAISINS/PAIN-RAISIN-BRIOCHE-120G/p/25127;2026-09-10
Coup de Pates;25125;PAIN CHOCOLAT BEURRE FIN 2 BARRES 80G;VIEN;pains-au-chocolat;80g;150;https://shop.coupdepates.fr/TOUS-LES-PRODUITS/VIENNOISERIE/PAINS-AU-CHOCOLAT-CRUS/PAIN-CHOCOLAT-BEURRE-FIN-2-BARRES-80G/p/25125;2026-09-10
Coup de Pates;25239;MINI BEIGNET SUCRE PARFUM CARAMEL;VIEN;autres-viennoiseries;27g;105;https://shop.coupdepates.fr/TOUS-LES-PRODUITS/VIENNOISERIE/BEIGNETS/MINI-BEIGNET-SUCRE-PARFUM-CARAMEL/p/25239;2026-09-10
Coup de Pates;25235;MINI BEIGNET SUCRE;VIEN;autres-viennoiseries;19g;105;https://shop.coupdepates.fr/TOUS-LES-PRODUITS/VIENNOISERIE/BEIGNETS/MINI-BEIGNET-SUCRE/p/25235;2026-09-10
Coup de Pates;25237;MINI BEIGNET SUCRE FRUITS ROUGES;VIEN;autres-viennoiseries;27g;105;https://shop.coupdepates.fr/TOUS-LES-PRODUITS/VIENNOISERIE/BEIGNETS/MINI-BEIGNET-SUCRE-FRUITS-ROUGES/p/25237;2026-09-10
Coup de Pates;25173;CHOUQUETTE SUCRE;VIEN;viennoiserie;15g;270;https://shop.coupdepates.fr/TOUS-LES-PRODUITS/VIENNOISERIE/P%C3%82TES-JAUNES%2C-SECHES-%26-A-CHOUX/CHOUQUETTE-SUCRE/p/25173;2026-09-10
Coup de Pates;25215;SCOUBICHOC;VIEN;viennoiserie;70g;60;https://shop.coupdepates.fr/TOUS-LES-PRODUITS/VIENNOISERIE/VIENNOISERIES-GOURMANDES/SCOUBICHOC/p/25215;2026-09-10
Coup de Pates;25241;MINI BEIGNET SUCRE PARFUM CHOCOLAT NOISETTE;VIEN;autres-viennoiseries;27g;105;https://shop.coupdepates.fr/TOUS-LES-PRODUITS/VIENNOISERIE/BEIGNETS/MINI-BEIGNET-SUCRE-PARFUM-CHOCOLAT-NOISETTE/p/25241;2026-09-10
Coup de Pates;25236;MINI BEIGNET SUCRE POMME;VIEN;autres-viennoiseries;27g;105;https://shop.coupdepates.fr/TOUS-LES-PRODUITS/VIENNOISERIE/BEIGNETS/MINI-BEIGNET-SUCRE-POMME/p/25236;2026-09-10
Coup de Pates;25270;MINI PAIN RAISIN FEUILLETE;VIEN;pains-aux-raisins;35g;150;https://shop.coupdepates.fr/TOUS-LES-PRODUITS/VIENNOISERIE/MINI-VIENNOISERIES-CLASSIQUES/MINI-PAIN-RAISIN-FEUILLETE/p/25270;2026-09-10
Coup de Pates;25273;BRETZEL FOURRE CREME DECOR SUCRE AMANDES;PATI;autres-patisseries;149.062g;32;https://shop.coupdepates.fr/TOUS-LES-PRODUITS/VIENNOISERIE/VIENNOISERIES-GOURMANDES/BRETZEL-FOURRE-CREME-DECOR-SUCRE-AMANDES/p/25273;2026-09-10
Coup de Pates;25256;MINI TORSADE PEPITES DE CHOCOLAT BEURRE FIN;VIEN;autres-viennoiseries;28g;180;https://shop.coupdepates.fr/TOUS-LES-PRODUITS/VIENNOISERIE/MINI-VIENNOISERIES-GOURMANDES/MINI-TORSADE-PEPITES-DE-CHOCOLAT-BEURRE-FIN/p/25256;2026-09-10
Coup de Pates;25263;MINI ROCHER COCO SELECTION;VIEN;viennoiserie;10g;200;https://shop.coupdepates.fr/TOUS-LES-PRODUITS/VIENNOISERIE/P%C3%82TES-JAUNES%2C-SECHES-%26-A-CHOUX/MINI-ROCHER-COCO-SELECTION/p/25263;2026-09-10
Coup de Pates;25281;BRIOCHE TRESSEE CUITE;VIEN;autres-viennoiseries;400g;12;https://shop.coupdepates.fr/TOUS-LES-PRODUITS/VIENNOISERIE/BRIOCHES/BRIOCHE-TRESSEE-CUITE/p/25281;2026-09-10
Coup de Pates;25252;MINI CROISSANT;VIEN;croissants;25g;200;https://shop.coupdepates.fr/TOUS-LES-PRODUITS/VIENNOISERIE/MINI-VIENNOISERIES-CLASSIQUES/MINI-CROISSANT/p/25252;2026-09-10
Coup de Pates;25275;MINI CHAUSSON POMME BEURRE FIN;VIEN;autres-viennoiseries;40g;150;https://shop.coupdepates.fr/TOUS-LES-PRODUITS/VIENNOISERIE/CHAUSSONS/MINI-CHAUSSON-POMME-BEURRE-FIN/p/25275;2026-09-10
Coup de Pates;25284;MINI GAUFRE AU SUCRE PERLE;PATI;autres-patisseries;12g;120;https://shop.coupdepates.fr/TOUS-LES-PRODUITS/VIENNOISERIE/CR%C3%8APES%2C-PANCAKES-%26-GAUFRES/MINI-GAUFRE-AU-SUCRE-PERLE/p/25284;2026-09-10
Coup de Pates;25373;MAXI BEIGNET PARFUM CHOCOLAT NOISETTE;VIEN;autres-viennoiseries;125g;24;https://shop.coupdepates.fr/TOUS-LES-PRODUITS/VIENNOISERIE/BEIGNETS/MAXI-BEIGNET-PARFUM-CHOCOLAT-NOISETTE/p/25373;2026-09-10
Coup de Pates;25411;MAXI BRIOCHE TRESSEE CUITE;VIEN;autres-viennoiseries;;1;https://shop.coupdepates.fr/TOUS-LES-PRODUITS/VIENNOISERIE/BRIOCHES/MAXI-BRIOCHE-TRESSEE-CUITE/p/25411;2026-09-10
Coup de Pates;25326;JALOUSIE POMME;VIEN;viennoiserie;110g;46;https://shop.coupdepates.fr/TOUS-LES-PRODUITS/VIENNOISERIE/VIENNOISERIES-GOURMANDES/JALOUSIE-POMME/p/25326;2026-09-10
Coup de Pates;25334;CROISSANT PARFUM CHOCOLAT NOISETTE PREPOUSSE;VIEN;croissants;100g;32;https://shop.coupdepates.fr/TOUS-LES-PRODUITS/VIENNOISERIE/VIENNOISERIES-GOURMANDES/CROISSANT-PARFUM-CHOCOLAT-NOISETTE-PREPOUSSE/p/25334;2026-09-10
Coup de Pates;25336;CROISSANT FRAMBOISE PREPOUSSE;VIEN;croissants-fourres;100g;32;https://shop.coupdepates.fr/TOUS-LES-PRODUITS/VIENNOISERIE/VIENNOISERIES-GOURMANDES/CROISSANT-FRAMBOISE-PREPOUSSE/p/25336;2026-09-10
Coup de Pates;25371;MAXI BEIGNET NATURE;VIEN;autres-viennoiseries;95g;24;https://shop.coupdepates.fr/TOUS-LES-PRODUITS/VIENNOISERIE/BEIGNETS/MAXI-BEIGNET-NATURE/p/25371;2026-09-10
Coup de Pates;25288;CHAUSSON POMME AVEC MORCEAUX 120G;VIEN;autres-viennoiseries;120g;40;https://shop.coupdepates.fr/TOUS-LES-PRODUITS/VIENNOISERIE/CHAUSSONS/CHAUSSON-POMME-AVEC-MORCEAUX-120G/p/25288;2026-09-10
Coup de Pates;25385;MINI CREPE SUCREE DIAM 100;VIEN;viennoiserie;15g;180;https://shop.coupdepates.fr/TOUS-LES-PRODUITS/VIENNOISERIE/CR%C3%8APES%2C-PANCAKES-%26-GAUFRES/MINI-CREPE-SUCREE-DIAM-100/p/25385;2026-09-10
Coup de Pates;25314;SUISSE AUX PEPITES DE CHOCOLAT;VIEN;pains-au-chocolat;120g;90;https://shop.coupdepates.fr/TOUS-LES-PRODUITS/VIENNOISERIE/VIENNOISERIES-GOURMANDES/SUISSE-AUX-PEPITES-DE-CHOCOLAT/p/25314;2026-09-10
Coup de Pates;25287;SUISSE AUX PEPITES DE CHOCOLAT PREPOUSSE;VIEN;pains-au-chocolat;110g;60;https://shop.coupdepates.fr/TOUS-LES-PRODUITS/VIENNOISERIE/VIENNOISERIES-GOURMANDES/SUISSE-AUX-PEPITES-DE-CHOCOLAT-PREPOUSSE/p/25287;2026-09-10
Coup de Pates;25377;MAXI BEIGNET AUX POMMES AVEC MORCEAUX;VIEN;autres-viennoiseries;125g;24;https://shop.coupdepates.fr/TOUS-LES-PRODUITS/VIENNOISERIE/BEIGNETS/MAXI-BEIGNET-AUX-POMMES-AVEC-MORCEAUX/p/25377;2026-09-10
Coup de Pates;25354;BRIOCHE MOUSSELINE SUCRE EN GRAIN CUITE 400G;VIEN;autres-viennoiseries;400g;6;https://shop.coupdepates.fr/TOUS-LES-PRODUITS/VIENNOISERIE/BRIOCHES/BRIOCHE-MOUSSELINE-SUCRE-EN-GRAIN-CUITE-400G/p/25354;2026-09-10
Coup de Pates;25544;PAIN CHOCOLAT PREPOUSSE D HUBERT 80G;VIEN;pains-au-chocolat;80g;70;https://shop.coupdepates.fr/TOUS-LES-PRODUITS/VIENNOISERIE/PAINS-AU-CHOCOLAT-PREPOUSSES/PAIN-CHOCOLAT-PREPOUSSE-D-HUBERT-80G/p/25544;2026-09-10
Coup de Pates;25510;CREPE FINE NATURE DIAM 270 (PLIEE EN DEUX);VIEN;viennoiserie;50g;50;https://shop.coupdepates.fr/TOUS-LES-PRODUITS/VIENNOISERIE/CR%C3%8APES%2C-PANCAKES-%26-GAUFRES/CREPE-FINE-NATURE-DIAM-270-%28PLIEE-EN-DEUX%29/p/25510;2026-09-10
Coup de Pates;25514;CREPE FINE SUCREE AU RHUM NEGRITA DIAM 270 (PLIEE EN QUATRE);VIEN;viennoiserie;55g;50;https://shop.coupdepates.fr/TOUS-LES-PRODUITS/VIENNOISERIE/CR%C3%8APES%2C-PANCAKES-%26-GAUFRES/CREPE-FINE-SUCREE-AU-RHUM-NEGRITA-DIAM-270-%28PLIEE-EN-QUATRE%29/p/25514;2026-09-10
Coup de Pates;25417;CHAUSSON POMME D HUBERT CRU 120G;VIEN;autres-viennoiseries;120g;40;https://shop.coupdepates.fr/TOUS-LES-PRODUITS/VIENNOISERIE/CHAUSSONS/CHAUSSON-POMME-D-HUBERT-CRU-120G/p/25417;2026-09-10
Coup de Pates;25519;CREPE NEUTRE DIAM 270;VIEN;viennoiserie;55g;50;https://shop.coupdepates.fr/TOUS-LES-PRODUITS/VIENNOISERIE/CR%C3%8APES%2C-PANCAKES-%26-GAUFRES/CREPE-NEUTRE-DIAM-270/p/25519;2026-09-10
Coup de Pates;25518;CREPE FINE NATURE DIAM 310 PLIEE EN DEUX;VIEN;viennoiserie;70g;50;https://shop.coupdepates.fr/TOUS-LES-PRODUITS/VIENNOISERIE/CR%C3%8APES%2C-PANCAKES-%26-GAUFRES/CREPE-FINE-NATURE-DIAM-310-PLIEE-EN-DEUX/p/25518;2026-09-10
Coup de Pates;25517;CREPE SUCREE DIAM 240;VIEN;viennoiserie;90g;50;https://shop.coupdepates.fr/TOUS-LES-PRODUITS/VIENNOISERIE/CR%C3%8APES%2C-PANCAKES-%26-GAUFRES/CREPE-SUCREE-DIAM-240/p/25517;2026-09-10
Coup de Pates;25594;CROISSANT PREPOUSSE D HUBERT 70G;VIEN;croissants;70g;64;https://shop.coupdepates.fr/TOUS-LES-PRODUITS/VIENNOISERIE/CROISSANTS-PREPOUSSES/CROISSANT-PREPOUSSE-D-HUBERT-70G/p/25594;2026-09-10
Coup de Pates;25721;MERINGUE PÂTISSIERE;VIEN;viennoiserie;70g;48;https://shop.coupdepates.fr/TOUS-LES-PRODUITS/VIENNOISERIE/P%C3%82TES-JAUNES%2C-SECHES-%26-A-CHOUX/MERINGUE-P%C3%82TISSIERE/p/25721;2026-09-10
Coup de Pates;25952;PAIN CHOCOLAT 2 BARRES PREPOUSSE;VIEN;pains-au-chocolat;75g;70;https://shop.coupdepates.fr/TOUS-LES-PRODUITS/VIENNOISERIE/PAINS-AU-CHOCOLAT-PREPOUSSES/PAIN-CHOCOLAT-2-BARRES-PREPOUSSE/p/25952;2026-09-10
Coup de Pates;25956;CROISSANT PREPOUSSE 60G;VIEN;croissants;60g;70;https://shop.coupdepates.fr/TOUS-LES-PRODUITS/VIENNOISERIE/CROISSANTS-PREPOUSSES/CROISSANT-PREPOUSSE-60G/p/25956;2026-09-10
Coup de Pates;25957;MINI CROISSANT PREPOUSSE;VIEN;croissants;25g;225;https://shop.coupdepates.fr/TOUS-LES-PRODUITS/VIENNOISERIE/MINI-VIENNOISERIES-CLASSIQUES/MINI-CROISSANT-PREPOUSSE/p/25957;2026-09-10
Coup de Pates;25958;MINI PAIN RAISIN PREPOUSSE;VIEN;pains-aux-raisins;30g;120;https://shop.coupdepates.fr/TOUS-LES-PRODUITS/VIENNOISERIE/MINI-VIENNOISERIES-CLASSIQUES/MINI-PAIN-RAISIN-PREPOUSSE/p/25958;2026-09-10
Coup de Pates;25953;PAIN RAISIN PREPOUSSE;VIEN;pains-aux-raisins;110g;60;https://shop.coupdepates.fr/TOUS-LES-PRODUITS/VIENNOISERIE/PAINS-AUX-RAISINS/PAIN-RAISIN-PREPOUSSE/p/25953;2026-09-10
Coup de Pates;25960;MINI PAIN CHOCOLAT 2 BARRES PREPOUSSE;VIEN;pains-au-chocolat;25g;250;https://shop.coupdepates.fr/TOUS-LES-PRODUITS/VIENNOISERIE/MINI-VIENNOISERIES-CLASSIQUES/MINI-PAIN-CHOCOLAT-2-BARRES-PREPOUSSE/p/25960;2026-09-10
Coup de Pates;25999;GAUFRE LIEGEOISE;PATI;autres-patisseries;100g;27;https://shop.coupdepates.fr/TOUS-LES-PRODUITS/VIENNOISERIE/CR%C3%8APES%2C-PANCAKES-%26-GAUFRES/GAUFRE-LIEGEOISE/p/25999;2026-09-10
Coup de Pates;18458;FINANCIER;PATI;autres-patisseries;35g;72;https://shop.coupdepates.fr/TOUS-LES-PRODUITS/VIENNOISERIE/P%C3%82TES-JAUNES%2C-SECHES-%26-A-CHOUX/FINANCIER/p/18458;2026-09-10
Coup de Pates;28130;PAILLE;VIEN;viennoiserie;75g;84;https://shop.coupdepates.fr/TOUS-LES-PRODUITS/VIENNOISERIE/VIENNOISERIES-GOURMANDES/PAILLE/p/28130;2026-09-10
Coup de Pates;28113;CROISSANT AUX AMANDES;VIEN;croissants-fourres;85g;90;https://shop.coupdepates.fr/TOUS-LES-PRODUITS/VIENNOISERIE/VIENNOISERIES-GOURMANDES/CROISSANT-AUX-AMANDES/p/28113;2026-09-10
Coup de Pates;826161;CROISSANT FRAMBOISE BICOLORE PREPOUSSE 90G;VIEN;croissants-fourres;90g;36;https://shop.coupdepates.fr/TOUS-LES-PRODUITS/VIENNOISERIE/VIENNOISERIES-GOURMANDES/CROISSANT-FRAMBOISE-BICOLORE-PREPOUSSE-90G/p/826161;2026-09-10
Coup de Pates;826168;MINI MADELEINE DE COMMERCY AUX AGRUMES ET ECORCES D'ORANGE;PATI;autres-patisseries;18g;140;https://shop.coupdepates.fr/TOUS-LES-PRODUITS/VIENNOISERIE/P%C3%82TES-JAUNES%2C-SECHES-%26-A-CHOUX/MINI-MADELEINE-DE-COMMERCY-AUX-AGRUMES-ET-ECORCES-D%27ORANGE/p/826168;2026-09-10
Coup de Pates;826177;TRESSE NOIX DE PECAN;VIEN;autres-viennoiseries;95g;48;https://shop.coupdepates.fr/TOUS-LES-PRODUITS/VIENNOISERIE/VIENNOISERIES-GOURMANDES/TRESSE-NOIX-DE-PECAN/p/826177;2026-09-10
Coup de Pates;826157;CROISSANT PARFUM CHOCOLAT BICOLORE PREPOUSSE 90G;VIEN;croissants;90g;36;https://shop.coupdepates.fr/TOUS-LES-PRODUITS/VIENNOISERIE/VIENNOISERIES-GOURMANDES/CROISSANT-PARFUM-CHOCOLAT-BICOLORE-PREPOUSSE-90G/p/826157;2026-09-10
Coup de Pates;826166;MINI MADELEINE DE COMMERCY;PATI;autres-patisseries;18g;140;https://shop.coupdepates.fr/TOUS-LES-PRODUITS/VIENNOISERIE/P%C3%82TES-JAUNES%2C-SECHES-%26-A-CHOUX/MINI-MADELEINE-DE-COMMERCY/p/826166;2026-09-10
Coup de Pates;829764;PATON GAUFRES DE LIEGE 120G;PATI;autres-patisseries;120g;130;https://shop.coupdepates.fr/TOUS-LES-PRODUITS/VIENNOISERIE/CR%C3%8APES%2C-PANCAKES-%26-GAUFRES/PATON-GAUFRES-DE-LIEGE-120G/p/829764;2026-09-10
Coup de Pates;832354;SABLE BRETON CRU D95;PATI;autres-patisseries;90g;28;https://shop.coupdepates.fr/TOUS-LES-PRODUITS/VIENNOISERIE/P%C3%82TES-JAUNES%2C-SECHES-%26-A-CHOUX/SABLE-BRETON-CRU-D95/p/832354;2026-09-10
Coup de Pates;832350;PALMIER GOURMAND 80G;VIEN;viennoiserie;80g;80;https://shop.coupdepates.fr/TOUS-LES-PRODUITS/VIENNOISERIE/VIENNOISERIES-GOURMANDES/PALMIER-GOURMAND-80G/p/832350;2026-09-10
Coup de Pates;834610;CAKE PAIN D EPICES CUIT 460G;PATI;autres-patisseries;460g;4;https://shop.coupdepates.fr/TOUS-LES-PRODUITS/VIENNOISERIE/CAKES/CAKE-PAIN-D-EPICES-CUIT-460G/p/834610;2026-09-10
Coup de Pates;837288;CAKE AUX GRAINES ET AUX BAIES DE GOJI;PATI;autres-patisseries;750g;4;https://shop.coupdepates.fr/TOUS-LES-PRODUITS/VIENNOISERIE/CAKES/CAKE-AUX-GRAINES-ET-AUX-BAIES-DE-GOJI/p/837288;2026-09-10
Coup de Pates;840123;BRETZEL FOURRE CREME CHOCOLAT 120G;PATI;autres-patisseries;120g;32;https://shop.coupdepates.fr/TOUS-LES-PRODUITS/VIENNOISERIE/VIENNOISERIES-GOURMANDES/BRETZEL-FOURRE-CREME-CHOCOLAT-120G/p/840123;2026-09-10
Coup de Pates;848108;PAIN CHOCOLAT NOISETTE PREP 120G;VIEN;pains-au-chocolat;120g;36;https://shop.coupdepates.fr/TOUS-LES-PRODUITS/VIENNOISERIE/VIENNOISERIES-GOURMANDES/PAIN-CHOCOLAT-NOISETTE-PREP-120G/p/848108;2026-09-10
Coup de Pates;831281;CREPE SUCREE D340;VIEN;viennoiserie;100g;40;https://shop.coupdepates.fr/TOUS-LES-PRODUITS/VIENNOISERIE/CR%C3%8APES%2C-PANCAKES-%26-GAUFRES/CREPE-SUCREE-D340/p/831281;2026-09-10
Coup de Pates;831294;CROISSANT COURBE CRU MARGARINE 70G;VIEN;croissants;70g;120;https://shop.coupdepates.fr/TOUS-LES-PRODUITS/VIENNOISERIE/CROISSANTS-CRUS/CROISSANT-COURBE-CRU-MARGARINE-70G/p/831294;2026-09-10
Coup de Pates;830654;PAIN AU CHOCOLAT LE MITRON CRU 75G;VIEN;pains-au-chocolat;75g;165;https://shop.coupdepates.fr/TOUS-LES-PRODUITS/VIENNOISERIE/PAINS-AU-CHOCOLAT-CRUS/PAIN-AU-CHOCOLAT-LE-MITRON-CRU-75G/p/830654;2026-09-10
Coup de Pates;828294;CROISSANT LE MITRON CRU 65G;VIEN;croissants;65g;168;https://shop.coupdepates.fr/TOUS-LES-PRODUITS/VIENNOISERIE/CROISSANTS-CRUS/CROISSANT-LE-MITRON-CRU-65G/p/828294;2026-09-10
Coup de Pates;831180;MASCOTTE FORAINE;VIEN;viennoiserie;100g;40;https://shop.coupdepates.fr/TOUS-LES-PRODUITS/VIENNOISERIE/BEIGNETS/MASCOTTE-FORAINE/p/831180;2026-09-10
Coup de Pates;833155;BRIOCHE NANTERRE AUX PRALINES;VIEN;autres-viennoiseries;400g;8;https://shop.coupdepates.fr/TOUS-LES-PRODUITS/VIENNOISERIE/BRIOCHES/BRIOCHE-NANTERRE-AUX-PRALINES/p/833155;2026-09-10
Coup de Pates;833580;BEIGNET POMME 75G;VIEN;autres-viennoiseries;75g;40;https://shop.coupdepates.fr/TOUS-LES-PRODUITS/VIENNOISERIE/BEIGNETS/BEIGNET-POMME-75G/p/833580;2026-09-10
Coup de Pates;833578;BEIGNET FRAMBOISE 75G;VIEN;autres-viennoiseries;75g;40;https://shop.coupdepates.fr/TOUS-LES-PRODUITS/VIENNOISERIE/BEIGNETS/BEIGNET-FRAMBOISE-75G/p/833578;2026-09-10
Coup de Pates;833582;BEIGNET PARFUM CHOCOLAT NOISETTE 75G;VIEN;autres-viennoiseries;75g;40;https://shop.coupdepates.fr/TOUS-LES-PRODUITS/VIENNOISERIE/BEIGNETS/BEIGNET-PARFUM-CHOCOLAT-NOISETTE-75G/p/833582;2026-09-10
Coup de Pates;833579;BEIGNET NATURE 55G;VIEN;autres-viennoiseries;55g;40;https://shop.coupdepates.fr/TOUS-LES-PRODUITS/VIENNOISERIE/BEIGNETS/BEIGNET-NATURE-55G/p/833579;2026-09-10
Coup de Pates;833487;PAIN CHOCOLAT 2 BARRES BIO PUR BEURRE PREPOUSSE 70G;VIEN;pains-au-chocolat;70g;80;https://shop.coupdepates.fr/TOUS-LES-PRODUITS/VIENNOISERIE/PAINS-AU-CHOCOLAT-CRUS/PAIN-CHOCOLAT-2-BARRES-BIO-PUR-BEURRE-PREPOUSSE-70G/p/833487;2026-09-10
Coup de Pates;833822;GAUFRE BRUXELLOISE 24X80G;PATI;autres-patisseries;80g;24;https://shop.coupdepates.fr/TOUS-LES-PRODUITS/VIENNOISERIE/CR%C3%8APES%2C-PANCAKES-%26-GAUFRES/GAUFRE-BRUXELLOISE-24X80G/p/833822;2026-09-10
Coup de Pates;835418;CAKE AUX FRUITS CONFITS CUIT 520G;PATI;autres-patisseries;520g;4;https://shop.coupdepates.fr/TOUS-LES-PRODUITS/VIENNOISERIE/CAKES/CAKE-AUX-FRUITS-CONFITS-CUIT-520G/p/835418;2026-09-10
Coup de Pates;840808;BEIGNET MASCOTTE 140G;VIEN;autres-viennoiseries;140g;40;https://shop.coupdepates.fr/TOUS-LES-PRODUITS/VIENNOISERIE/BEIGNETS/BEIGNET-MASCOTTE-140G/p/840808;2026-09-10
Coup de Pates;840803;MADELEINE FOURRÉE CHOCOLAT NOISETTE;PATI;autres-patisseries;56g;62;https://shop.coupdepates.fr/TOUS-LES-PRODUITS/VIENNOISERIE/P%C3%82TES-JAUNES%2C-SECHES-%26-A-CHOUX/MADELEINE-FOURR%C3%89E-CHOCOLAT-NOISETTE/p/840803;2026-09-10
Coup de Pates;840816;JALOUSIE FRAMBOISE;VIEN;viennoiserie;110g;80;https://shop.coupdepates.fr/TOUS-LES-PRODUITS/VIENNOISERIE/VIENNOISERIES-GOURMANDES/JALOUSIE-FRAMBOISE/p/840816;2026-09-10
Coup de Pates;840821;MINI PAIN CHOCOLAT 2 BARRES BEURRE FIN 30G;VIEN;pains-au-chocolat;30g;200;https://shop.coupdepates.fr/TOUS-LES-PRODUITS/VIENNOISERIE/MINI-VIENNOISERIES-CLASSIQUES/MINI-PAIN-CHOCOLAT-2-BARRES-BEURRE-FIN-30G/p/840821;2026-09-10
Coup de Pates;834829;BRIOCHETTE TETE CUITE 45G;VIEN;autres-viennoiseries;45g;45;https://shop.coupdepates.fr/TOUS-LES-PRODUITS/VIENNOISERIE/BRIOCHES/BRIOCHETTE-TETE-CUITE-45G/p/834829;2026-09-10
Coup de Pates;841466;MADELEINE FOURREE FRAISE;PATI;autres-patisseries;56g;62;https://shop.coupdepates.fr/TOUS-LES-PRODUITS/VIENNOISERIE/P%C3%82TES-JAUNES%2C-SECHES-%26-A-CHOUX/MADELEINE-FOURREE-FRAISE/p/841466;2026-09-10
Coup de Pates;70048;GAUFRE BRUXELLOISE CUIT 45G;PATI;autres-patisseries;45g;48;https://shop.coupdepates.fr/TOUS-LES-PRODUITS/VIENNOISERIE/CR%C3%8APES%2C-PANCAKES-%26-GAUFRES/GAUFRE-BRUXELLOISE-CUIT-45G/p/70048;2026-09-10
Coup de Pates;70049;CROISSANT COURBE MARGARINE CRU 85G;VIEN;croissants;85g;84;https://shop.coupdepates.fr/TOUS-LES-PRODUITS/VIENNOISERIE/CROISSANTS-CRUS/CROISSANT-COURBE-MARGARINE-CRU-85G/p/70049;2026-09-10
Coup de Pates;70053;ROLL CARAMEL AU BEURRE ISIGNY STE MERE PREPOUSSE 100G;VIEN;autres-viennoiseries;100g;36;https://shop.coupdepates.fr/TOUS-LES-PRODUITS/VIENNOISERIE/VIENNOISERIES-GOURMANDES/ROLL-CARAMEL-AU-BEURRE-ISIGNY-STE-MERE-PREPOUSSE-100G/p/70053;2026-09-10
Coup de Pates;70082;CROISSANT BEURRE FIN PRÉPOUSSÉ 70G;VIEN;croissants;70g;80;https://shop.coupdepates.fr/TOUS-LES-PRODUITS/VIENNOISERIE/CROISSANTS-PREPOUSSES/CROISSANT-BEURRE-FIN-PR%C3%89POUSS%C3%89-70G/p/70082;2026-09-10
Coup de Pates;70669;BRIOCHE TRESSEE AU SUCRE PERLE CUITE 900G;VIEN;autres-viennoiseries;900g;4;https://shop.coupdepates.fr/TOUS-LES-PRODUITS/VIENNOISERIE/BRIOCHES/BRIOCHE-TRESSEE-AU-SUCRE-PERLE-CUITE-900G/p/70669;2026-09-10
Coup de Pates;70647;PATTE D’OURS PARFUM CHOCOLAT NOISETTE PRÉPOUSSÉE 100G;VIEN;viennoiserie;100g;35;https://shop.coupdepates.fr/TOUS-LES-PRODUITS/VIENNOISERIE/VIENNOISERIES-GOURMANDES/PATTE-D%E2%80%99OURS-PARFUM-CHOCOLAT-NOISETTE-PR%C3%89POUSS%C3%89E-100G/p/70647;2026-09-10
Coup de Pates;841565;PANCAKE NATURE D100;PATI;autres-patisseries;35g;48;https://shop.coupdepates.fr/TOUS-LES-PRODUITS/VIENNOISERIE/CR%C3%8APES%2C-PANCAKES-%26-GAUFRES/PANCAKE-NATURE-D100/p/841565;2026-09-10
Coup de Pates;70226;ROLL NATURE CUIT 58G;VIEN;autres-viennoiseries;58g;24;https://shop.coupdepates.fr/TOUS-LES-PRODUITS/VIENNOISERIE/VIENNOISERIES-GOURMANDES/ROLL-NATURE-CUIT-58G/p/70226;2026-09-10
Coup de Pates;841745;MINI VIENNOISERIES ASSORTIES PREPOUSSEES 28G;VIEN;viennoiserie;28g;150;https://shop.coupdepates.fr/TOUS-LES-PRODUITS/VIENNOISERIE/MINI-VIENNOISERIES-CLASSIQUES/MINI-VIENNOISERIES-ASSORTIES-PREPOUSSEES-28G/p/841745;2026-09-10
Coup de Pates;70463;MINI ROLL CARAMEL AU BEURRE D ISIGNY STE MERE PREPOUSSEE 30G;VIEN;autres-viennoiseries;30g;72;https://shop.coupdepates.fr/TOUS-LES-PRODUITS/VIENNOISERIE/MINI-VIENNOISERIES-GOURMANDES/MINI-ROLL-CARAMEL-AU-BEURRE-D-ISIGNY-STE-MERE-PREPOUSSEE-30G/p/70463;2026-09-10
Coup de Pates;70464;MINI ROULE PEPITES DE CHOCOLAT PREPOUSSEE LE TOURIER 38G;VIEN;viennoiserie;38g;72;https://shop.coupdepates.fr/TOUS-LES-PRODUITS/VIENNOISERIE/MINI-VIENNOISERIES-GOURMANDES/MINI-ROULE-PEPITES-DE-CHOCOLAT-PREPOUSSEE-LE-TOURIER-38G/p/70464;2026-09-10
Coup de Pates;70512;BRIOCHE MOUSSELINE PRÊTE A CUIRE 400G;VIEN;autres-viennoiseries;400g;10;https://shop.coupdepates.fr/TOUS-LES-PRODUITS/VIENNOISERIE/BRIOCHES/BRIOCHE-MOUSSELINE-PR%C3%8ATE-A-CUIRE-400G/p/70512;2026-09-10
Coup de Pates;70510;MAXI BEIGNUTS NATURE 90G;VIEN;viennoiserie;90g;30;https://shop.coupdepates.fr/TOUS-LES-PRODUITS/VIENNOISERIE/BEIGNETS/MAXI-BEIGNUTS-NATURE-90G/p/70510;2026-09-10
Coup de Pates;70511;MAXI BEIGNUTS PARFUM CHOCOLAT NOISETTE 130G;VIEN;viennoiserie;130g;30;https://shop.coupdepates.fr/TOUS-LES-PRODUITS/VIENNOISERIE/BEIGNETS/MAXI-BEIGNUTS-PARFUM-CHOCOLAT-NOISETTE-130G/p/70511;2026-09-10
Coup de Pates;70899;PAIN RAISIN D HUBERT CRU 130G;VIEN;pains-aux-raisins;130g;90;https://shop.coupdepates.fr/TOUS-LES-PRODUITS/VIENNOISERIE/PAINS-AUX-RAISINS/PAIN-RAISIN-D-HUBERT-CRU-130G/p/70899;2026-09-10
Coup de Pates;70902;CHOUQUETTE GOURMANDE CRUE 30G;VIEN;viennoiserie;30g;288;https://shop.coupdepates.fr/TOUS-LES-PRODUITS/VIENNOISERIE/P%C3%82TES-JAUNES%2C-SECHES-%26-A-CHOUX/CHOUQUETTE-GOURMANDE-CRUE-30G/p/70902;2026-09-10
Coup de Pates;70901;MINI BRIOCHE FEUILLETEE SUCRE GRAIN PREP 30G;VIEN;autres-viennoiseries;30g;96;https://shop.coupdepates.fr/TOUS-LES-PRODUITS/VIENNOISERIE/MINI-VIENNOISERIES-GOURMANDES/MINI-BRIOCHE-FEUILLETEE-SUCRE-GRAIN-PREP-30G/p/70901;2026-09-10
Coup de Pates;70904;MAXI BEIGNUTS FRAMBOISE 130G;VIEN;viennoiserie;130g;30;https://shop.coupdepates.fr/TOUS-LES-PRODUITS/VIENNOISERIE/BEIGNETS/MAXI-BEIGNUTS-FRAMBOISE-130G/p/70904;2026-09-10
Coup de Pates;70905;MAXI BEIGNUTS POMME CUIT 130G;VIEN;viennoiserie;130g;30;https://shop.coupdepates.fr/TOUS-LES-PRODUITS/VIENNOISERIE/BEIGNETS/MAXI-BEIGNUTS-POMME-CUIT-130G/p/70905;2026-09-10
Coup de Pates;70906;MOUNA CRUE 550G 12P / CARTON;VIEN;viennoiserie;550g;12;https://shop.coupdepates.fr/TOUS-LES-PRODUITS/VIENNOISERIE/BRIOCHES/MOUNA-CRUE-550G-12P-CARTON/p/70906;2026-09-10
Coup de Pates;71095;TRANCHE DE BRIOCHE PERDUE FOURREE CARAMEL CUITE 95G;VIEN;autres-viennoiseries;95g;36;https://shop.coupdepates.fr/TOUS-LES-PRODUITS/VIENNOISERIE/BRIOCHES/TRANCHE-DE-BRIOCHE-PERDUE-FOURREE-CARAMEL-CUITE-95G/p/71095;2026-09-10
Coup de Pates;71091;BRETZEL FOURRE FRAMBOISE CRU 110G;PAIN;petits-pains;110g;32;https://shop.coupdepates.fr/TOUS-LES-PRODUITS/VIENNOISERIE/VIENNOISERIES-GOURMANDES/BRETZEL-FOURRE-FRAMBOISE-CRU-110G/p/71091;2026-09-10
Coup de Pates;71089;BRIOCHE BABKA INDIVIDUELLE CUITE 70G;VIEN;autres-viennoiseries;70g;40;https://shop.coupdepates.fr/TOUS-LES-PRODUITS/VIENNOISERIE/BRIOCHES/BRIOCHE-BABKA-INDIVIDUELLE-CUITE-70G/p/71089;2026-09-10
Coup de Pates;71093;BRIOCHE GROS SUCRES GRAINS CUITE 400G;VIEN;autres-viennoiseries;400g;12;https://shop.coupdepates.fr/TOUS-LES-PRODUITS/VIENNOISERIE/BRIOCHES/BRIOCHE-GROS-SUCRES-GRAINS-CUITE-400G/p/71093;2026-09-10
Coup de Pates;71092;TOAST FEUILLETE CUIT 352G;VIEN;viennoiserie;352g;6;https://shop.coupdepates.fr/TOUS-LES-PRODUITS/VIENNOISERIE/VIENNOISERIES-GOURMANDES/TOAST-FEUILLETE-CUIT-352G/p/71092;2026-09-10
Coup de Pates;71096;CROISSANT LE FLEURON DU FOURNIL PREPOUSSE 75G;VIEN;croissants;75g;56;https://shop.coupdepates.fr/TOUS-LES-PRODUITS/VIENNOISERIE/CROISSANTS-PREPOUSSES/CROISSANT-LE-FLEURON-DU-FOURNIL-PREPOUSSE-75G/p/71096;2026-09-10
Coup de Pates;71097;PAIN CHOCOLAT LE FLEURON DU FOURNIL PREPOUSSE 80G;VIEN;pains-au-chocolat;80g;60;https://shop.coupdepates.fr/TOUS-LES-PRODUITS/VIENNOISERIE/PAINS-AU-CHOCOLAT-PREPOUSSES/PAIN-CHOCOLAT-LE-FLEURON-DU-FOURNIL-PREPOUSSE-80G/p/71097;2026-09-10
Coup de Pates;71371;MINI BEIGNET PISTACHE CUIT 25G;VIEN;autres-viennoiseries;25g;105;https://shop.coupdepates.fr/TOUS-LES-PRODUITS/VIENNOISERIE/BEIGNETS/MINI-BEIGNET-PISTACHE-CUIT-25G/p/71371;2026-09-10
Coup de Pates;71368;CROISSANT LA BELLE FOURNEE CRU 70G;VIEN;croissants;70g;150;https://shop.coupdepates.fr/TOUS-LES-PRODUITS/VIENNOISERIE/CROISSANTS-CRUS/CROISSANT-LA-BELLE-FOURNEE-CRU-70G/p/71368;2026-09-10
Coup de Pates;71372;PAIN CHOCOLAT LA BELLE FOURNEE CRU 80G;VIEN;pains-au-chocolat;80g;140;https://shop.coupdepates.fr/TOUS-LES-PRODUITS/VIENNOISERIE/PAINS-AU-CHOCOLAT-CRUS/PAIN-CHOCOLAT-LA-BELLE-FOURNEE-CRU-80G/p/71372;2026-09-10
Coup de Pates;71447;MAXI BEIGNET NATURE CUIT 90G;VIEN;autres-viennoiseries;90g;30;https://shop.coupdepates.fr/TOUS-LES-PRODUITS/VIENNOISERIE/BEIGNETS/MAXI-BEIGNET-NATURE-CUIT-90G/p/71447;2026-09-10
Coup de Pates;71448;MAXI BEIGNET PARFUM CHOCOLAT NOISETTE CUIT 120G;VIEN;autres-viennoiseries;120g;30;https://shop.coupdepates.fr/TOUS-LES-PRODUITS/VIENNOISERIE/BEIGNETS/MAXI-BEIGNET-PARFUM-CHOCOLAT-NOISETTE-CUIT-120G/p/71448;2026-09-10
Coup de Pates;71567;BRIOCHE VEGETALE CUIT 400G;VIEN;autres-viennoiseries;400g;12;https://shop.coupdepates.fr/TOUS-LES-PRODUITS/VIENNOISERIE/BRIOCHES/BRIOCHE-VEGETALE-CUIT-400G/p/71567;2026-09-10
Coup de Pates;71568;NOEUD FEUILLETE SPECULOOS PREPOUSSE 120G;VIEN;viennoiserie;120g;36;https://shop.coupdepates.fr/TOUS-LES-PRODUITS/VIENNOISERIE/VIENNOISERIES-GOURMANDES/NOEUD-FEUILLETE-SPECULOOS-PREPOUSSE-120G/p/71568;2026-09-10
Coup de Pates;71094;BRIOCHE FEUILLETEE INDIVIDUELLE CRUE 80G;VIEN;autres-viennoiseries;80g;56;https://shop.coupdepates.fr/TOUS-LES-PRODUITS/VIENNOISERIE/BRIOCHES/BRIOCHE-FEUILLETEE-INDIVIDUELLE-CRUE-80G/p/71094;2026-09-10
Coup de Pates;71225;CROISSANT SELECTION BEURRE 65G CRU;VIEN;croissants;65g;180;https://shop.coupdepates.fr/TOUS-LES-PRODUITS/VIENNOISERIE/CROISSANTS-CRUS/CROISSANT-SELECTION-BEURRE-65G-CRU/p/71225;2026-09-10
Coup de Pates;71231;PAIN CHOCOLAT SELECTION BEURRE 75G CRU 150P;VIEN;pains-au-chocolat;75g;150;https://shop.coupdepates.fr/TOUS-LES-PRODUITS/VIENNOISERIE/PAINS-AU-CHOCOLAT-CRUS/PAIN-CHOCOLAT-SELECTION-BEURRE-75G-CRU-150P/p/71231;2026-09-10
Coup de Pates;71226;PAIN CHOCOLAT SELECTION BEURRE 75G CRU 165P;VIEN;pains-au-chocolat;75g;165;https://shop.coupdepates.fr/TOUS-LES-PRODUITS/VIENNOISERIE/PAINS-AU-CHOCOLAT-CRUS/PAIN-CHOCOLAT-SELECTION-BEURRE-75G-CRU-165P/p/71226;2026-09-10
Coup de Pates;70667;BRIOCHE FEUILLETEE SUCRE GRAIN CUITE 300G;VIEN;autres-viennoiseries;300g;7;https://shop.coupdepates.fr/TOUS-LES-PRODUITS/VIENNOISERIE/BRIOCHES/BRIOCHE-FEUILLETEE-SUCRE-GRAIN-CUITE-300G/p/70667;2026-09-10
Coup de Pates;70582;PANETTONE INDIVIDUEL 80G CUIT;VIEN;viennoiserie;80g;35;https://shop.coupdepates.fr/TOUS-LES-PRODUITS/VIENNOISERIE/BRIOCHES/PANETTONE-INDIVIDUEL-80G-CUIT/p/70582;2026-09-10
Coup de Pates;70583;PANETTONE 600G CUIT;VIEN;viennoiserie;600g;5;https://shop.coupdepates.fr/TOUS-LES-PRODUITS/VIENNOISERIE/BRIOCHES/PANETTONE-600G-CUIT/p/70583;2026-09-10
Coup de Pates;70648;CROISSANT BIO PUR BEURRE PREPOUSSE 70G;VIEN;croissants;70g;60;https://shop.coupdepates.fr/TOUS-LES-PRODUITS/VIENNOISERIE/CROISSANTS-PREPOUSSES/CROISSANT-BIO-PUR-BEURRE-PREPOUSSE-70G/p/70648;2026-09-10
Coup de Pates;70652;CROISSANT ABRICOT CRU 125G;VIEN;croissants-fourres;125g;70;https://shop.coupdepates.fr/TOUS-LES-PRODUITS/VIENNOISERIE/VIENNOISERIES-GOURMANDES/CROISSANT-ABRICOT-CRU-125G/p/70652;2026-09-10
Coup de Pates;70650;MINI CROISSANT D'HUBERT PREPOUSSE 25G;VIEN;croissants;25g;160;https://shop.coupdepates.fr/TOUS-LES-PRODUITS/VIENNOISERIE/MINI-VIENNOISERIES-CLASSIQUES/MINI-CROISSANT-D%27HUBERT-PREPOUSSE-25G/p/70650;2026-09-10
Coup de Pates;70651;MINI PAIN CHOCOLAT D'HUBERT PREPOUSSE 25G;VIEN;pains-au-chocolat;25g;160;https://shop.coupdepates.fr/TOUS-LES-PRODUITS/VIENNOISERIE/MINI-VIENNOISERIES-CLASSIQUES/MINI-PAIN-CHOCOLAT-D%27HUBERT-PREPOUSSE-25G/p/70651;2026-09-10
Coup de Pates;70649;TRIANGLE AUX AMANDES BEURRE FIN CRU 100G;VIEN;viennoiserie;100g;84;https://shop.coupdepates.fr/TOUS-LES-PRODUITS/VIENNOISERIE/VIENNOISERIES-GOURMANDES/TRIANGLE-AUX-AMANDES-BEURRE-FIN-CRU-100G/p/70649;2026-09-10
Coup de Pates;70763;TORSADE PEPITES DE CHOCOLAT PREPOUSSE 110G;VIEN;autres-viennoiseries;110g;50;https://shop.coupdepates.fr/TOUS-LES-PRODUITS/VIENNOISERIE/VIENNOISERIES-GOURMANDES/TORSADE-PEPITES-DE-CHOCOLAT-PREPOUSSE-110G/p/70763;2026-09-10
Coup de Pates;70770;CROISSANT D HUBERT CRU 65G;VIEN;croissants;65g;160;https://shop.coupdepates.fr/TOUS-LES-PRODUITS/VIENNOISERIE/CROISSANTS-CRUS/CROISSANT-D-HUBERT-CRU-65G/p/70770;2026-09-10
Coup de Pates;70773;PAIN CHOCOLAT D HUBERT CRU 75G;VIEN;pains-au-chocolat;75g;150;https://shop.coupdepates.fr/TOUS-LES-PRODUITS/VIENNOISERIE/PAINS-AU-CHOCOLAT-CRUS/PAIN-CHOCOLAT-D-HUBERT-CRU-75G/p/70773;2026-09-10
Coup de Pates;70774;PAIN RAISIN D HUBERT PREPOUSSE 130G;VIEN;pains-aux-raisins;130g;60;https://shop.coupdepates.fr/TOUS-LES-PRODUITS/VIENNOISERIE/PAINS-AUX-RAISINS/PAIN-RAISIN-D-HUBERT-PREPOUSSE-130G/p/70774;2026-09-10
Coup de Pates;70579;PAIN CHOCOLAT 2 BARRES BIO PUR BEURRE PREPOUSSE 75G;VIEN;pains-au-chocolat;75g;70;https://shop.coupdepates.fr/TOUS-LES-PRODUITS/VIENNOISERIE/PAINS-AU-CHOCOLAT-PREPOUSSES/PAIN-CHOCOLAT-2-BARRES-BIO-PUR-BEURRE-PREPOUSSE-75G/p/70579;2026-09-10
Coup de Pates;70816;SACRISTAIN GLACE ROYALE 150G;VIEN;viennoiserie;150g;40;https://shop.coupdepates.fr/TOUS-LES-PRODUITS/VIENNOISERIE/VIENNOISERIES-GOURMANDES/SACRISTAIN-GLACE-ROYALE-150G/p/70816;2026-09-10
Coup de Pates;70900;PAPILLON PEPITES DE CHOCOLAT PREPOUSSE 123G;VIEN;viennoiserie;123g;40;https://shop.coupdepates.fr/TOUS-LES-PRODUITS/VIENNOISERIE/VIENNOISERIES-GOURMANDES/PAPILLON-PEPITES-DE-CHOCOLAT-PREPOUSSE-123G/p/70900;2026-09-10
Coup de Pates;70903;MINI ROULE CANNELLE PREPOUSSE 35G;VIEN;viennoiserie;35g;160;https://shop.coupdepates.fr/TOUS-LES-PRODUITS/VIENNOISERIE/MINI-VIENNOISERIES-GOURMANDES/MINI-ROULE-CANNELLE-PREPOUSSE-35G/p/70903;2026-09-10
Coup de Pates;70635;CROISSANT BEURRE FIN CRU 70G;VIEN;croissants;70g;100;https://shop.coupdepates.fr/TOUS-LES-PRODUITS/VIENNOISERIE/CROISSANTS-CRUS/CROISSANT-BEURRE-FIN-CRU-70G/p/70635;2026-09-10
Coup de Pates;841566;MAXI CHAUSSON POMME BEURRE CHARENTES POITOU AOP CRU 150G;VIEN;autres-viennoiseries;150g;50;https://shop.coupdepates.fr/TOUS-LES-PRODUITS/VIENNOISERIE/CHAUSSONS/MAXI-CHAUSSON-POMME-BEURRE-CHARENTES-POITOU-AOP-CRU-150G/p/841566;2026-09-10
Coup de Pates;841703;BRIOCHE BABKA CUIT 400G;VIEN;autres-viennoiseries;400g;16;https://shop.coupdepates.fr/TOUS-LES-PRODUITS/VIENNOISERIE/BRIOCHES/BRIOCHE-BABKA-CUIT-400G/p/841703;2026-09-10
Coup de Pates;841704;CAKE MARBRE GLAÇAGE ROCHER CUIT 550G;PATI;autres-patisseries;550g;5;https://shop.coupdepates.fr/TOUS-LES-PRODUITS/VIENNOISERIE/CAKES/CAKE-MARBRE-GLA%C3%87AGE-ROCHER-CUIT-550G/p/841704;2026-09-10
Coup de Pates;841707;MASCOTTE PARFUM CHOCOLAT NOISETTE CUIT 140G;VIEN;viennoiserie;140g;30;https://shop.coupdepates.fr/TOUS-LES-PRODUITS/VIENNOISERIE/BEIGNETS/MASCOTTE-PARFUM-CHOCOLAT-NOISETTE-CUIT-140G/p/841707;2026-09-10
Coup de Pates;841709;TORSADE PEPITES CHOCOLAT PREPOUSSEE 90G;VIEN;autres-viennoiseries;90g;50;https://shop.coupdepates.fr/TOUS-LES-PRODUITS/VIENNOISERIE/VIENNOISERIES-GOURMANDES/TORSADE-PEPITES-CHOCOLAT-PREPOUSSEE-90G/p/841709;2026-09-10
Coup de Pates;841708;MASCOTTE FRAMBOISE CUIT 140G;VIEN;viennoiserie;140g;30;https://shop.coupdepates.fr/TOUS-LES-PRODUITS/VIENNOISERIE/BEIGNETS/MASCOTTE-FRAMBOISE-CUIT-140G/p/841708;2026-09-10
Coup de Pates;841739;CROISSANT ABRICOT PREPOUSSE 120G;VIEN;croissants-fourres;120g;35;https://shop.coupdepates.fr/TOUS-LES-PRODUITS/VIENNOISERIE/VIENNOISERIES-GOURMANDES/CROISSANT-ABRICOT-PREPOUSSE-120G/p/841739;2026-09-10
Coup de Pates;70285;VIENNOISE PEPITES DE CHOCOLAT;VIEN;viennoiserie;150g;80;https://shop.coupdepates.fr/TOUS-LES-PRODUITS/VIENNOISERIE/BRIOCHES/VIENNOISE-PEPITES-DE-CHOCOLAT/p/70285;2026-09-10
Coup de Pates;71336;HARMONIE SUPREME CUIT 90G 12PCES;PATI;patisserie;90g;12;https://shop.coupdepates.fr/TOUS-LES-PRODUITS/P%C3%82TISSERIE/ENTREMETS/HARMONIE-SUPREME-CUIT-90G-12PCES/p/71336;2026-09-10
Coup de Pates;71337;ECRIN GRIOTTE SUPREME CUIT 82G 12PCES;PATI;patisserie;82g;12;https://shop.coupdepates.fr/TOUS-LES-PRODUITS/P%C3%82TISSERIE/ENTREMETS/ECRIN-GRIOTTE-SUPREME-CUIT-82G-12PCES/p/71337;2026-09-10
Coup de Pates;71339;FLEUR DE FRAISE SUPREME CUIT 90G 8PCE;PATI;patisserie;90g;8;https://shop.coupdepates.fr/TOUS-LES-PRODUITS/P%C3%82TISSERIE/ENTREMETS/FLEUR-DE-FRAISE-SUPREME-CUIT-90G-8PCE/p/71339;2026-09-10
Coup de Pates;27293;TARTELETTE CHOCOLAT LE TOURIER DIAM 90;PATI;autres-patisseries;80g;32;https://shop.coupdepates.fr/TOUS-LES-PRODUITS/P%C3%82TISSERIE/TARTES-%26-TARTELETTES/TARTELETTE-CHOCOLAT-LE-TOURIER-DIAM-90/p/27293;2026-09-10
Coup de Pates;27294;TARTELETTE FRAMBOISE COPEAUX DE CHOCOLAT BLANC LE TOURIER DIAM 9;PATI;autres-patisseries;110g;30;https://shop.coupdepates.fr/TOUS-LES-PRODUITS/P%C3%82TISSERIE/TARTES-%26-TARTELETTES/TARTELETTE-FRAMBOISE-COPEAUX-DE-CHOCOLAT-BLANC-LE-TOURIER-DIAM-9/p/27294;2026-09-10
Coup de Pates;27295;TARTELETTE CITRON MERINGUEE LE TOURIER DIAM 90;PATI;autres-patisseries;95g;30;https://shop.coupdepates.fr/TOUS-LES-PRODUITS/P%C3%82TISSERIE/TARTES-%26-TARTELETTES/TARTELETTE-CITRON-MERINGUEE-LE-TOURIER-DIAM-90/p/27295;2026-09-10
Coup de Pates;834592;TARTELETTE FACON CREME BRULEE LE TOURIER DIAM 90;PATI;autres-patisseries;82g;40;https://shop.coupdepates.fr/TOUS-LES-PRODUITS/P%C3%82TISSERIE/TARTES-%26-TARTELETTES/TARTELETTE-FACON-CREME-BRULEE-LE-TOURIER-DIAM-90/p/834592;2026-09-10
Coup de Pates;834590;TARTELETTE COEUR COULANT CHOCOLAT DIAM 90 LE TOURIER;PATI;autres-patisseries;90g;24;https://shop.coupdepates.fr/TOUS-LES-PRODUITS/P%C3%82TISSERIE/TARTES-%26-TARTELETTES/TARTELETTE-COEUR-COULANT-CHOCOLAT-DIAM-90-LE-TOURIER/p/834590;2026-09-10
Coup de Pates;840144;TARTELETTE AUX POMMES LE TOURIER CUIT Ø 90 114G;PATI;autres-patisseries;114g;30;https://shop.coupdepates.fr/TOUS-LES-PRODUITS/P%C3%82TISSERIE/TARTES-%26-TARTELETTES/TARTELETTE-AUX-POMMES-LE-TOURIER-CUIT-%C3%98-90-114G/p/840144;2026-09-10
Coup de Pates;833249;FLAN CREMEUX LES SECRETS DU FOURNIL CUIT DIAM 215;PATI;autres-patisseries;;3;https://shop.coupdepates.fr/TOUS-LES-PRODUITS/P%C3%82TISSERIE/TARTES-%26-TARTELETTES/FLAN-CREMEUX-LES-SECRETS-DU-FOURNIL-CUIT-DIAM-215/p/833249;2026-09-10
Coup de Pates;70415;TARTELETTE NORMANDE LE TOURIER CUIT DIAM 90;PATI;autres-patisseries;75g;32;https://shop.coupdepates.fr/TOUS-LES-PRODUITS/P%C3%82TISSERIE/TARTES-%26-TARTELETTES/TARTELETTE-NORMANDE-LE-TOURIER-CUIT-DIAM-90/p/70415;2026-09-10
Coup de Pates;70450;FLAN PISTACHE LES SECRETS DU FOURNIL D 215 CUIT;PATI;autres-patisseries;;4;https://shop.coupdepates.fr/TOUS-LES-PRODUITS/P%C3%82TISSERIE/TARTES-%26-TARTELETTES/FLAN-PISTACHE-LES-SECRETS-DU-FOURNIL-D-215-CUIT/p/70450;2026-09-10
Coup de Pates;70519;TARTELETTE CITRON LE TOURIER DIAM 90 CUIT 80G;PATI;autres-patisseries;80g;32;https://shop.coupdepates.fr/TOUS-LES-PRODUITS/P%C3%82TISSERIE/TARTES-%26-TARTELETTES/TARTELETTE-CITRON-LE-TOURIER-DIAM-90-CUIT-80G/p/70519;2026-09-10
Coup de Pates;826098;MILLEFEUILLE RENVERSE CARAMEL BEURRE SALE;PATI;autres-patisseries;100g;12;https://shop.coupdepates.fr/TOUS-LES-PRODUITS/P%C3%82TISSERIE/ENTREMETS/MILLEFEUILLE-RENVERSE-CARAMEL-BEURRE-SALE/p/826098;2026-09-10
Coup de Pates;18452;FLAN INDIVIDUEL DIAM 100;PATI;autres-patisseries;145g;32;https://shop.coupdepates.fr/TOUS-LES-PRODUITS/P%C3%82TISSERIE/TARTES-%26-TARTELETTES/FLAN-INDIVIDUEL-DIAM-100/p/18452;2026-09-10
Coup de Pates;18453;RELIGIEUSE CHOCOLAT;PATI;patisserie;100g;13;https://shop.coupdepates.fr/TOUS-LES-PRODUITS/P%C3%82TISSERIE/P%C3%82TE-%C3%80-CHOUX-%26-BABAS/RELIGIEUSE-CHOCOLAT/p/18453;2026-09-10
Coup de Pates;22017;FRAISIER INDIVIDUEL NR 2;PATI;patisserie;128g;30;https://shop.coupdepates.fr/TOUS-LES-PRODUITS/P%C3%82TISSERIE/ENTREMETS/FRAISIER-INDIVIDUEL-NR-2/p/22017;2026-09-10
Coup de Pates;22020;DOUCEUR TIRAMISU;PATI;autres-patisseries;95g;12;https://shop.coupdepates.fr/TOUS-LES-PRODUITS/P%C3%82TISSERIE/ENTREMETS/DOUCEUR-TIRAMISU/p/22020;2026-09-10
Coup de Pates;22015;TIRAMISU INDIVIDUEL;PATI;autres-patisseries;90g;10;https://shop.coupdepates.fr/TOUS-LES-PRODUITS/P%C3%82TISSERIE/ENTREMETS/TIRAMISU-INDIVIDUEL/p/22015;2026-09-10
Coup de Pates;22110;COCHON EN PATE D AMANDE;PATI;patisserie;110g;9;https://shop.coupdepates.fr/TOUS-LES-PRODUITS/P%C3%82TISSERIE/G%C3%82TEAUX/COCHON-EN-PATE-D-AMANDE/p/22110;2026-09-10
Coup de Pates;22167;TARTELETTE TATIN DIAM95 CUIT 120G;PATI;autres-patisseries;120g;30;https://shop.coupdepates.fr/TOUS-LES-PRODUITS/P%C3%82TISSERIE/TARTES-%26-TARTELETTES/TARTELETTE-TATIN-DIAM95-CUIT-120G/p/22167;2026-09-10
Coup de Pates;22257;COEUR COULANT CHOCOLAT CRU 90 G;PATI;patisserie;90g;12;https://shop.coupdepates.fr/TOUS-LES-PRODUITS/P%C3%82TISSERIE/G%C3%82TEAUX/COEUR-COULANT-CHOCOLAT-CRU-90-G/p/22257;2026-09-10
Coup de Pates;22214;BANDE FEUILLETEE POMME;PATI;autres-patisseries;950g;4;https://shop.coupdepates.fr/TOUS-LES-PRODUITS/P%C3%82TISSERIE/TARTES-%26-TARTELETTES/BANDE-FEUILLETEE-POMME/p/22214;2026-09-10
Coup de Pates;27334;1/2 CADRE FORET NOIRE;PATI;autres-patisseries;;1;https://shop.coupdepates.fr/TOUS-LES-PRODUITS/P%C3%82TISSERIE/ENTREMETS/1-2-CADRE-FORET-NOIRE/p/27334;2026-09-10
Coup de Pates;27460;CHARLOTTINE POIRE DIAM 80;PATI;patisserie;120g;12;https://shop.coupdepates.fr/TOUS-LES-PRODUITS/P%C3%82TISSERIE/ENTREMETS/CHARLOTTINE-POIRE-DIAM-80/p/27460;2026-09-10
Coup de Pates;27469;CHARLOTTINE CAPPUCCINO DIAM 80;PATI;patisserie;95g;12;https://shop.coupdepates.fr/TOUS-LES-PRODUITS/P%C3%82TISSERIE/ENTREMETS/CHARLOTTINE-CAPPUCCINO-DIAM-80/p/27469;2026-09-10
Coup de Pates;27509;FLAN NATURE CUIT D265 PREDECOUPE;PATI;autres-patisseries;;6;https://shop.coupdepates.fr/TOUS-LES-PRODUITS/P%C3%82TISSERIE/TARTES-%26-TARTELETTES/FLAN-NATURE-CUIT-D265-PREDECOUPE/p/27509;2026-09-10
Coup de Pates;27485;AUMONIERE POMME CARAMEL BEURRE SALE;PATI;patisserie;90g;20;https://shop.coupdepates.fr/TOUS-LES-PRODUITS/P%C3%82TISSERIE/ENTREMETS/AUMONIERE-POMME-CARAMEL-BEURRE-SALE/p/27485;2026-09-10
Coup de Pates;27487;1/2 CADRE FRAISES DES BOIS;PATI;autres-patisseries;;1;https://shop.coupdepates.fr/TOUS-LES-PRODUITS/P%C3%82TISSERIE/ENTREMETS/1-2-CADRE-FRAISES-DES-BOIS/p/27487;2026-09-10
Coup de Pates;27511;1/2 CADRE FRAMBOISIER;PATI;autres-patisseries;;1;https://shop.coupdepates.fr/TOUS-LES-PRODUITS/P%C3%82TISSERIE/ENTREMETS/1-2-CADRE-FRAMBOISIER/p/27511;2026-09-10
Coup de Pates;27502;1/2 CADRE MANDARINE COINTREAU;PATI;autres-patisseries;;1;https://shop.coupdepates.fr/TOUS-LES-PRODUITS/P%C3%82TISSERIE/ENTREMETS/1-2-CADRE-MANDARINE-COINTREAU/p/27502;2026-09-10
Coup de Pates;27513;1/2 CADRE MANGUE PASSION;PATI;autres-patisseries;;1;https://shop.coupdepates.fr/TOUS-LES-PRODUITS/P%C3%82TISSERIE/ENTREMETS/1-2-CADRE-MANGUE-PASSION/p/27513;2026-09-10
Coup de Pates;27497;MOKA CAFE;PATI;patisserie;120g;12;https://shop.coupdepates.fr/TOUS-LES-PRODUITS/P%C3%82TISSERIE/ENTREMETS/MOKA-CAFE/p/27497;2026-09-10
Coup de Pates;27498;MOKA PARFUM CHOCOLAT;PATI;patisserie;120g;12;https://shop.coupdepates.fr/TOUS-LES-PRODUITS/P%C3%82TISSERIE/ENTREMETS/MOKA-PARFUM-CHOCOLAT/p/27498;2026-09-10
Coup de Pates;27510;1/2 CADRE OPERA CHOCOLAT/CAFE;PATI;autres-patisseries;;1;https://shop.coupdepates.fr/TOUS-LES-PRODUITS/P%C3%82TISSERIE/ENTREMETS/1-2-CADRE-OPERA-CHOCOLAT-CAFE/p/27510;2026-09-10
Coup de Pates;27495;MERVEILLEUX CHOCOLAT;PATI;patisserie;90g;12;https://shop.coupdepates.fr/TOUS-LES-PRODUITS/P%C3%82TISSERIE/ENTREMETS/MERVEILLEUX-CHOCOLAT/p/27495;2026-09-10
Coup de Pates;27610;FONDANT CHOCOLAT DIAM 265;PATI;patisserie;900g;3;https://shop.coupdepates.fr/TOUS-LES-PRODUITS/P%C3%82TISSERIE/G%C3%82TEAUX/FONDANT-CHOCOLAT-DIAM-265/p/27610;2026-09-10
Coup de Pates;27588;GROS MACARON VANILLE DIAM 75;PATI;macarons;55g;24;https://shop.coupdepates.fr/TOUS-LES-PRODUITS/P%C3%82TISSERIE/ENTREMETS/GROS-MACARON-VANILLE-DIAM-75/p/27588;2026-09-10
Coup de Pates;27587;GROS MACARON PISTACHE DIAM 75;PATI;macarons;55g;24;https://shop.coupdepates.fr/TOUS-LES-PRODUITS/P%C3%82TISSERIE/ENTREMETS/GROS-MACARON-PISTACHE-DIAM-75/p/27587;2026-09-10
Coup de Pates;27533;1/2 CADRE FEUILLANTINE CHOCOLAT;PATI;autres-patisseries;;1;https://shop.coupdepates.fr/TOUS-LES-PRODUITS/P%C3%82TISSERIE/ENTREMETS/1-2-CADRE-FEUILLANTINE-CHOCOLAT/p/27533;2026-09-10
Coup de Pates;27585;GROS MACARON FRAMBOISE DIAM 70;PATI;macarons;55g;24;https://shop.coupdepates.fr/TOUS-LES-PRODUITS/P%C3%82TISSERIE/ENTREMETS/GROS-MACARON-FRAMBOISE-DIAM-70/p/27585;2026-09-10
Coup de Pates;27639;BAVAROIS INDIVIDUEL VANILLE CARAMEL DIAM 70;PATI;patisserie;87g;16;https://shop.coupdepates.fr/TOUS-LES-PRODUITS/P%C3%82TISSERIE/ENTREMETS/BAVAROIS-INDIVIDUEL-VANILLE-CARAMEL-DIAM-70/p/27639;2026-09-10
Coup de Pates;27544;DOME CHOCOLAT MANDARINE;PATI;patisserie;80g;12;https://shop.coupdepates.fr/TOUS-LES-PRODUITS/P%C3%82TISSERIE/ENTREMETS/DOME-CHOCOLAT-MANDARINE/p/27544;2026-09-10
Coup de Pates;27635;MOELLEUX CHOCOLAT PREDECOUPE D 300;PATI;autres-patisseries;;4;https://shop.coupdepates.fr/TOUS-LES-PRODUITS/P%C3%82TISSERIE/G%C3%82TEAUX/MOELLEUX-CHOCOLAT-PREDECOUPE-D-300/p/27635;2026-09-10
Coup de Pates;27583;GROS MACARON CHOCOLAT DIAM 70;PATI;macarons;55g;24;https://shop.coupdepates.fr/TOUS-LES-PRODUITS/P%C3%82TISSERIE/ENTREMETS/GROS-MACARON-CHOCOLAT-DIAM-70/p/27583;2026-09-10
Coup de Pates;27527;PYRAMIDE 3 CHOCOLATS;PATI;patisserie;100g;16;https://shop.coupdepates.fr/TOUS-LES-PRODUITS/P%C3%82TISSERIE/ENTREMETS/PYRAMIDE-3-CHOCOLATS/p/27527;2026-09-10
Coup de Pates;27657;CHARLOTTINE TIRAMISU DIAM 80;PATI;autres-patisseries;80g;12;https://shop.coupdepates.fr/TOUS-LES-PRODUITS/P%C3%82TISSERIE/ENTREMETS/CHARLOTTINE-TIRAMISU-DIAM-80/p/27657;2026-09-10
Coup de Pates;27582;MYSTERIEUX PARFUM CAFE;PATI;patisserie;90g;12;https://shop.coupdepates.fr/TOUS-LES-PRODUITS/P%C3%82TISSERIE/ENTREMETS/MYSTERIEUX-PARFUM-CAFE/p/27582;2026-09-10
Coup de Pates;27656;CHARLOTTINE FRAISE DES BOIS DIAM 80;PATI;patisserie;90g;12;https://shop.coupdepates.fr/TOUS-LES-PRODUITS/P%C3%82TISSERIE/ENTREMETS/CHARLOTTINE-FRAISE-DES-BOIS-DIAM-80/p/27656;2026-09-10
Coup de Pates;27688;DOME CREME BRULEE;PATI;autres-patisseries;90g;12;https://shop.coupdepates.fr/TOUS-LES-PRODUITS/P%C3%82TISSERIE/ENTREMETS/DOME-CREME-BRULEE/p/27688;2026-09-10
Coup de Pates;27709;COEUR COULANT CHOCOLAT CARAMEL BEURRE SALE;PATI;patisserie;90g;12;https://shop.coupdepates.fr/TOUS-LES-PRODUITS/P%C3%82TISSERIE/G%C3%82TEAUX/COEUR-COULANT-CHOCOLAT-CARAMEL-BEURRE-SALE/p/27709;2026-09-10
Coup de Pates;27647;MILLEFEUILLE PÂTISSIER CREME DIPLOMATE CARAMEL BEURRE SALE;PATI;autres-patisseries;140g;16;https://shop.coupdepates.fr/TOUS-LES-PRODUITS/P%C3%82TISSERIE/ENTREMETS/MILLEFEUILLE-P%C3%82TISSIER-CREME-DIPLOMATE-CARAMEL-BEURRE-SALE/p/27647;2026-09-10
Coup de Pates;27660;ENTREMETS 3 CHOCOLATS EN BANDE;PATI;autres-patisseries;750g;6;https://shop.coupdepates.fr/TOUS-LES-PRODUITS/P%C3%82TISSERIE/ENTREMETS/ENTREMETS-3-CHOCOLATS-EN-BANDE/p/27660;2026-09-10
Coup de Pates;27696;CHOU CHANTILLY;PATI;autres-patisseries;90g;12;https://shop.coupdepates.fr/TOUS-LES-PRODUITS/P%C3%82TISSERIE/P%C3%82TE-%C3%80-CHOUX-%26-BABAS/CHOU-CHANTILLY/p/27696;2026-09-10
Coup de Pates;27762;1/2 CADRE PASSION PANACOTTA;PATI;autres-patisseries;;1;https://shop.coupdepates.fr/TOUS-LES-PRODUITS/P%C3%82TISSERIE/ENTREMETS/1-2-CADRE-PASSION-PANACOTTA/p/27762;2026-09-10
Coup de Pates;27793;TARTELETTE FRUITS ROUGES CRUMBLE DIAM 100;PATI;autres-patisseries;135g;18;https://shop.coupdepates.fr/TOUS-LES-PRODUITS/P%C3%82TISSERIE/TARTES-%26-TARTELETTES/TARTELETTE-FRUITS-ROUGES-CRUMBLE-DIAM-100/p/27793;2026-09-10
Coup de Pates;27778;BAVAROIS INDIVIDUEL FRUITS ROUGES DIAM 70;PATI;patisserie;80g;16;https://shop.coupdepates.fr/TOUS-LES-PRODUITS/P%C3%82TISSERIE/ENTREMETS/BAVAROIS-INDIVIDUEL-FRUITS-ROUGES-DIAM-70/p/27778;2026-09-10
Coup de Pates;27791;TARTELETTE POMME CRUMBLE DIAM 100;PATI;autres-patisseries;135g;18;https://shop.coupdepates.fr/TOUS-LES-PRODUITS/P%C3%82TISSERIE/TARTES-%26-TARTELETTES/TARTELETTE-POMME-CRUMBLE-DIAM-100/p/27791;2026-09-10
Coup de Pates;27816;TARTE AUX FRAISES DIAM 220;PATI;autres-patisseries;900g;6;https://shop.coupdepates.fr/TOUS-LES-PRODUITS/P%C3%82TISSERIE/TARTES-%26-TARTELETTES/TARTE-AUX-FRAISES-DIAM-220/p/27816;2026-09-10
Coup de Pates;27960;FORET NOIRE INDIVIDUELLE;PATI;patisserie;100g;21;https://shop.coupdepates.fr/TOUS-LES-PRODUITS/P%C3%82TISSERIE/ENTREMETS/FORET-NOIRE-INDIVIDUELLE/p/27960;2026-09-10
Coup de Pates;27941;FEUILLANTINE CHOCOLAT INDIVIDUEL;PATI;patisserie;60g;30;https://shop.coupdepates.fr/TOUS-LES-PRODUITS/P%C3%82TISSERIE/ENTREMETS/FEUILLANTINE-CHOCOLAT-INDIVIDUEL/p/27941;2026-09-10
Coup de Pates;34501;CHEESECAKE INDIVIDUEL;PATI;patisserie-americaine;90g;20;https://shop.coupdepates.fr/TOUS-LES-PRODUITS/P%C3%82TISSERIE/ENTREMETS/CHEESECAKE-INDIVIDUEL/p/34501;2026-09-10
Coup de Pates;27099;TARTELETTE RUSTIQUE POMME CRUMBLE DIAM 100;PATI;autres-patisseries;155g;24;https://shop.coupdepates.fr/TOUS-LES-PRODUITS/P%C3%82TISSERIE/TARTES-%26-TARTELETTES/TARTELETTE-RUSTIQUE-POMME-CRUMBLE-DIAM-100/p/27099;2026-09-10
Coup de Pates;27023;PYRAMIDE CARROUSEL;PATI;patisserie;100g;16;https://shop.coupdepates.fr/TOUS-LES-PRODUITS/P%C3%82TISSERIE/ENTREMETS/PYRAMIDE-CARROUSEL/p/27023;2026-09-10
Coup de Pates;27002;TARTELETTE CHOCOLAT MILKA;PATI;autres-patisseries;110g;18;https://shop.coupdepates.fr/TOUS-LES-PRODUITS/P%C3%82TISSERIE/TARTES-%26-TARTELETTES/TARTELETTE-CHOCOLAT-MILKA/p/27002;2026-09-10
Coup de Pates;27104;MOELLEUX NOISETTE DIAM 260;PATI;autres-patisseries;800g;4;https://shop.coupdepates.fr/TOUS-LES-PRODUITS/P%C3%82TISSERIE/G%C3%82TEAUX/MOELLEUX-NOISETTE-DIAM-260/p/27104;2026-09-10
Coup de Pates;27102;OPERA INDIVIDUEL;PATI;patisserie;80g;30;https://shop.coupdepates.fr/TOUS-LES-PRODUITS/P%C3%82TISSERIE/ENTREMETS/OPERA-INDIVIDUEL/p/27102;2026-09-10
Coup de Pates;27103;TARTELETTE CHIBOUST DIAM 100;PATI;autres-patisseries;150g;24;https://shop.coupdepates.fr/TOUS-LES-PRODUITS/P%C3%82TISSERIE/TARTES-%26-TARTELETTES/TARTELETTE-CHIBOUST-DIAM-100/p/27103;2026-09-10
Coup de Pates;27122;TARTELETTE CHOCOLAT AUX ECLATS DE DAIM;PATI;autres-patisseries;115g;18;https://shop.coupdepates.fr/TOUS-LES-PRODUITS/P%C3%82TISSERIE/TARTES-%26-TARTELETTES/TARTELETTE-CHOCOLAT-AUX-ECLATS-DE-DAIM/p/27122;2026-09-10
Coup de Pates;27115;MOELLEUX CHOCOLAT DIAM 260;PATI;autres-patisseries;900g;4;https://shop.coupdepates.fr/TOUS-LES-PRODUITS/P%C3%82TISSERIE/G%C3%82TEAUX/MOELLEUX-CHOCOLAT-DIAM-260/p/27115;2026-09-10
Coup de Pates;27112;BANDE FEUILLETEE ABRICOT;PATI;autres-patisseries;;4;https://shop.coupdepates.fr/TOUS-LES-PRODUITS/P%C3%82TISSERIE/TARTES-%26-TARTELETTES/BANDE-FEUILLETEE-ABRICOT/p/27112;2026-09-10
Coup de Pates;27114;BANDE FEUILLETEE POIRE;PATI;autres-patisseries;;4;https://shop.coupdepates.fr/TOUS-LES-PRODUITS/P%C3%82TISSERIE/TARTES-%26-TARTELETTES/BANDE-FEUILLETEE-POIRE/p/27114;2026-09-10
Coup de Pates;27162;MILLEFEUILLE PÂTISSIER CREME DIPLOMATE SANS ALCOOL;PATI;autres-patisseries;140g;16;https://shop.coupdepates.fr/TOUS-LES-PRODUITS/P%C3%82TISSERIE/ENTREMETS/MILLEFEUILLE-P%C3%82TISSIER-CREME-DIPLOMATE-SANS-ALCOOL/p/27162;2026-09-10
Coup de Pates;27158;TARTELETTE AMANDINE DIAM 100;PATI;autres-patisseries;130g;20;https://shop.coupdepates.fr/TOUS-LES-PRODUITS/P%C3%82TISSERIE/TARTES-%26-TARTELETTES/TARTELETTE-AMANDINE-DIAM-100/p/27158;2026-09-10
Coup de Pates;27156;PASTEL DE NATA DIAM 70;PATI;pastel-de-nata;66g;90;https://shop.coupdepates.fr/TOUS-LES-PRODUITS/P%C3%82TISSERIE/TARTES-%26-TARTELETTES/PASTEL-DE-NATA-DIAM-70/p/27156;2026-09-10
Coup de Pates;27244;TARTE TATIN DIAM 200;PATI;autres-patisseries;850g;6;https://shop.coupdepates.fr/TOUS-LES-PRODUITS/P%C3%82TISSERIE/TARTES-%26-TARTELETTES/TARTE-TATIN-DIAM-200/p/27244;2026-09-10
Coup de Pates;27191;MAXI ECLAIR PARFUM CHOCOLAT CUIT 100G;PATI;autres-patisseries;100g;18;https://shop.coupdepates.fr/TOUS-LES-PRODUITS/P%C3%82TISSERIE/P%C3%82TE-%C3%80-CHOUX-%26-BABAS/MAXI-ECLAIR-PARFUM-CHOCOLAT-CUIT-100G/p/27191;2026-09-10
Coup de Pates;27249;TARTE RUSTIQUE POMME CRUMBLE DIAM 270;PATI;autres-patisseries;;6;https://shop.coupdepates.fr/TOUS-LES-PRODUITS/P%C3%82TISSERIE/TARTES-%26-TARTELETTES/TARTE-RUSTIQUE-POMME-CRUMBLE-DIAM-270/p/27249;2026-09-10
Coup de Pates;27165;MILLEFEUILLE PÂTISSIER CREME DIPLOMATE;PATI;autres-patisseries;140g;16;https://shop.coupdepates.fr/TOUS-LES-PRODUITS/P%C3%82TISSERIE/ENTREMETS/MILLEFEUILLE-P%C3%82TISSIER-CREME-DIPLOMATE/p/27165;2026-09-10
Coup de Pates;27172;CLAFOUTIS CERISE DIAM 105;PATI;autres-patisseries;110g;24;https://shop.coupdepates.fr/TOUS-LES-PRODUITS/P%C3%82TISSERIE/G%C3%82TEAUX/CLAFOUTIS-CERISE-DIAM-105/p/27172;2026-09-10
Coup de Pates;27211;BANDE FEUILLETEE MULTIFRUITS;PATI;autres-patisseries;;4;https://shop.coupdepates.fr/TOUS-LES-PRODUITS/P%C3%82TISSERIE/TARTES-%26-TARTELETTES/BANDE-FEUILLETEE-MULTIFRUITS/p/27211;2026-09-10
Coup de Pates;27242;MILLEFEUILLE PÂTISSIER SANS ALCOOL;PATI;autres-patisseries;145g;16;https://shop.coupdepates.fr/TOUS-LES-PRODUITS/P%C3%82TISSERIE/ENTREMETS/MILLEFEUILLE-P%C3%82TISSIER-SANS-ALCOOL/p/27242;2026-09-10
Coup de Pates;27190;MAXI ECLAIR CAFE CUIT 100G;PATI;autres-patisseries;100g;18;https://shop.coupdepates.fr/TOUS-LES-PRODUITS/P%C3%82TISSERIE/P%C3%82TE-%C3%80-CHOUX-%26-BABAS/MAXI-ECLAIR-CAFE-CUIT-100G/p/27190;2026-09-10
Coup de Pates;27241;MILLEFEUILLE PATISSIER;PATI;autres-patisseries;145g;16;https://shop.coupdepates.fr/TOUS-LES-PRODUITS/P%C3%82TISSERIE/ENTREMETS/MILLEFEUILLE-PATISSIER/p/27241;2026-09-10
Coup de Pates;27266;TARTE AUX MYRTILLES DIAM 260;PATI;autres-patisseries;;4;https://shop.coupdepates.fr/TOUS-LES-PRODUITS/P%C3%82TISSERIE/TARTES-%26-TARTELETTES/TARTE-AUX-MYRTILLES-DIAM-260/p/27266;2026-09-10
Coup de Pates;27272;TARTELETTE CITRON DIAM 95;PATI;autres-patisseries;110g;24;https://shop.coupdepates.fr/TOUS-LES-PRODUITS/P%C3%82TISSERIE/TARTES-%26-TARTELETTES/TARTELETTE-CITRON-DIAM-95/p/27272;2026-09-10
Coup de Pates;27271;TARTE POIRE AMANDE DIAM 230;PATI;autres-patisseries;850g;6;https://shop.coupdepates.fr/TOUS-LES-PRODUITS/P%C3%82TISSERIE/TARTES-%26-TARTELETTES/TARTE-POIRE-AMANDE-DIAM-230/p/27271;2026-09-10
Coup de Pates;27262;TARTE AUX FRAMBOISES D 260 CUIT 880G;PATI;autres-patisseries;880g;2;https://shop.coupdepates.fr/TOUS-LES-PRODUITS/P%C3%82TISSERIE/TARTES-%26-TARTELETTES/TARTE-AUX-FRAMBOISES-D-260-CUIT-880G/p/27262;2026-09-10
Coup de Pates;28413;GATEAU BASQUE INDIVIDUEL D 90 CUIT 85G;PATI;patisserie;85g;36;https://shop.coupdepates.fr/TOUS-LES-PRODUITS/P%C3%82TISSERIE/G%C3%82TEAUX/GATEAU-BASQUE-INDIVIDUEL-D-90-CUIT-85G/p/28413;2026-09-10
Coup de Pates;28452;KOUIGN AMANN NATURE DIAM 180;VIEN;autres-viennoiseries;400g;10;https://shop.coupdepates.fr/TOUS-LES-PRODUITS/P%C3%82TISSERIE/TARTES-%26-TARTELETTES/KOUIGN-AMANN-NATURE-DIAM-180/p/28452;2026-09-10
Coup de Pates;28450;KOUIGN AMANN NATURE INDIVIDUEL DIAM 60;VIEN;autres-viennoiseries;130g;36;https://shop.coupdepates.fr/TOUS-LES-PRODUITS/P%C3%82TISSERIE/TARTES-%26-TARTELETTES/KOUIGN-AMANN-NATURE-INDIVIDUEL-DIAM-60/p/28450;2026-09-10
Coup de Pates;822932;COEUR FONDANT CHOCOLAT;PATI;patisserie;90g;20;https://shop.coupdepates.fr/TOUS-LES-PRODUITS/P%C3%82TISSERIE/G%C3%82TEAUX/COEUR-FONDANT-CHOCOLAT/p/822932;2026-09-10
Coup de Pates;822884;TARTE TATIN SUR SABLE BRETON D220;PATI;autres-patisseries;800g;4;https://shop.coupdepates.fr/TOUS-LES-PRODUITS/P%C3%82TISSERIE/TARTES-%26-TARTELETTES/TARTE-TATIN-SUR-SABLE-BRETON-D220/p/822884;2026-09-10
Coup de Pates;822933;PASTIS GASCON POMMES ARMAGNAC 8 PARTS 270 MM CRU SURGELE;PATI;patisserie;720g;6;https://shop.coupdepates.fr/TOUS-LES-PRODUITS/P%C3%82TISSERIE/TARTES-%26-TARTELETTES/PASTIS-GASCON-POMMES-ARMAGNAC-8-PARTS-270-MM-CRU-SURGELE/p/822933;2026-09-10
Coup de Pates;822931;PASTIS GASCON POMMES ARMAGNAC 4 PARTS 214 MM CRU SURGELE;PATI;patisserie;400g;6;https://shop.coupdepates.fr/TOUS-LES-PRODUITS/P%C3%82TISSERIE/TARTES-%26-TARTELETTES/PASTIS-GASCON-POMMES-ARMAGNAC-4-PARTS-214-MM-CRU-SURGELE/p/822931;2026-09-10
Coup de Pates;822930;TARTE CITRON MERINGUEE D240;PATI;autres-patisseries;945g;2;https://shop.coupdepates.fr/TOUS-LES-PRODUITS/P%C3%82TISSERIE/TARTES-%26-TARTELETTES/TARTE-CITRON-MERINGUEE-D240/p/822930;2026-09-10
Coup de Pates;822928;COEUR FONDANT CARAMEL BEURRE SALE;PATI;patisserie;90g;20;https://shop.coupdepates.fr/TOUS-LES-PRODUITS/P%C3%82TISSERIE/G%C3%82TEAUX/COEUR-FONDANT-CARAMEL-BEURRE-SALE/p/822928;2026-09-10
Coup de Pates;822885;ENTREMETS CROQUANT CHOCOLAT EN BANDE;SNAC;snacking;700g;4;https://shop.coupdepates.fr/TOUS-LES-PRODUITS/P%C3%82TISSERIE/ENTREMETS/ENTREMETS-CROQUANT-CHOCOLAT-EN-BANDE/p/822885;2026-09-10
Coup de Pates;822929;PASTIS GASCON DIAM95;PATI;patisserie;80g;30;https://shop.coupdepates.fr/TOUS-LES-PRODUITS/P%C3%82TISSERIE/TARTES-%26-TARTELETTES/PASTIS-GASCON-DIAM95/p/822929;2026-09-10
Coup de Pates;822925;GRILLE AUX POMMES;PATI;patisserie;130g;60;https://shop.coupdepates.fr/TOUS-LES-PRODUITS/P%C3%82TISSERIE/TARTES-%26-TARTELETTES/GRILLE-AUX-POMMES/p/822925;2026-09-10
Coup de Pates;826105;PAVLOVA VANILLE INDIVIDUELLE;PATI;patisserie;65g;12;https://shop.coupdepates.fr/TOUS-LES-PRODUITS/P%C3%82TISSERIE/ENTREMETS/PAVLOVA-VANILLE-INDIVIDUELLE/p/826105;2026-09-10
Coup de Pates;826102;TIRAMISU A PARTAGER;PATI;autres-patisseries;;4;https://shop.coupdepates.fr/TOUS-LES-PRODUITS/P%C3%82TISSERIE/ENTREMETS/TIRAMISU-A-PARTAGER/p/826102;2026-09-10
Coup de Pates;832584;ECLAIR FACON PARIS BREST;PATI;autres-patisseries;100g;14;https://shop.coupdepates.fr/TOUS-LES-PRODUITS/P%C3%82TISSERIE/P%C3%82TE-%C3%80-CHOUX-%26-BABAS/ECLAIR-FACON-PARIS-BREST/p/832584;2026-09-10
Coup de Pates;834593;TARTELETTE CHIBOUST FRAMBOISE DIAM 100;PATI;autres-patisseries;143g;24;https://shop.coupdepates.fr/TOUS-LES-PRODUITS/P%C3%82TISSERIE/TARTES-%26-TARTELETTES/TARTELETTE-CHIBOUST-FRAMBOISE-DIAM-100/p/834593;2026-09-10
Coup de Pates;838180;1/2 CADRE FRAMBOISE PASSION CRAQUOTANT;PATI;autres-patisseries;;1;https://shop.coupdepates.fr/TOUS-LES-PRODUITS/P%C3%82TISSERIE/ENTREMETS/1-2-CADRE-FRAMBOISE-PASSION-CRAQUOTANT/p/838180;2026-09-10
Coup de Pates;838179;TARTE POMME CUITE NAPPEE D 240;PATI;autres-patisseries;735g;10;https://shop.coupdepates.fr/TOUS-LES-PRODUITS/P%C3%82TISSERIE/TARTES-%26-TARTELETTES/TARTE-POMME-CUITE-NAPPEE-D-240/p/838179;2026-09-10
Coup de Pates;840160;DOME RUBIS CUIT 88G;PATI;patisserie;88g;12;https://shop.coupdepates.fr/TOUS-LES-PRODUITS/P%C3%82TISSERIE/ENTREMETS/DOME-RUBIS-CUIT-88G/p/840160;2026-09-10
Coup de Pates;840147;ECLAIR SELECTION CHOCOLAT CUIT 80G;PATI;autres-patisseries;80g;30;https://shop.coupdepates.fr/TOUS-LES-PRODUITS/P%C3%82TISSERIE/P%C3%82TE-%C3%80-CHOUX-%26-BABAS/ECLAIR-SELECTION-CHOCOLAT-CUIT-80G/p/840147;2026-09-10
Coup de Pates;840149;ECLAIR SELECTION VANILLE CUIT 80G;PATI;autres-patisseries;80g;30;https://shop.coupdepates.fr/TOUS-LES-PRODUITS/P%C3%82TISSERIE/P%C3%82TE-%C3%80-CHOUX-%26-BABAS/ECLAIR-SELECTION-VANILLE-CUIT-80G/p/840149;2026-09-10
Coup de Pates;840148;ECLAIR SELECTION CAFE CUIT 80G;PATI;autres-patisseries;80g;30;https://shop.coupdepates.fr/TOUS-LES-PRODUITS/P%C3%82TISSERIE/P%C3%82TE-%C3%80-CHOUX-%26-BABAS/ECLAIR-SELECTION-CAFE-CUIT-80G/p/840148;2026-09-10
Coup de Pates;840145;TARTELETTE CITRON MERINGUÉE CUIT Ø80 80G;PATI;autres-patisseries;80g;18;https://shop.coupdepates.fr/TOUS-LES-PRODUITS/P%C3%82TISSERIE/TARTES-%26-TARTELETTES/TARTELETTE-CITRON-MERINGU%C3%89E-CUIT-%C3%9880-80G/p/840145;2026-09-10
Coup de Pates;840158;DOME IMPERATRICE CUIT 72G;PATI;patisserie;72g;12;https://shop.coupdepates.fr/TOUS-LES-PRODUITS/P%C3%82TISSERIE/ENTREMETS/DOME-IMPERATRICE-CUIT-72G/p/840158;2026-09-10
Coup de Pates;840159;DOME ROYAL CUIT 77G;PATI;patisserie;77g;12;https://shop.coupdepates.fr/TOUS-LES-PRODUITS/P%C3%82TISSERIE/ENTREMETS/DOME-ROYAL-CUIT-77G/p/840159;2026-09-10
Coup de Pates;840164;MACARON CHOCO COUL CARAMEL D 75;PATI;macarons;80g;24;https://shop.coupdepates.fr/TOUS-LES-PRODUITS/P%C3%82TISSERIE/ENTREMETS/MACARON-CHOCO-COUL-CARAMEL-D-75/p/840164;2026-09-10
Coup de Pates;835434;TARTELETTE NOIX DE PECAN CUIT DIAM 100;PATI;autres-patisseries;110g;18;https://shop.coupdepates.fr/TOUS-LES-PRODUITS/P%C3%82TISSERIE/TARTES-%26-TARTELETTES/TARTELETTE-NOIX-DE-PECAN-CUIT-DIAM-100/p/835434;2026-09-10
Coup de Pates;835507;PARIS BREST CUIT DIAM 100;PATI;autres-patisseries;100g;12;https://shop.coupdepates.fr/TOUS-LES-PRODUITS/P%C3%82TISSERIE/P%C3%82TE-%C3%80-CHOUX-%26-BABAS/PARIS-BREST-CUIT-DIAM-100/p/835507;2026-09-10
Coup de Pates;836840;TARTE NOIX DE COCO CUIT 1150G DIAM 260;PATI;autres-patisseries;;2;https://shop.coupdepates.fr/TOUS-LES-PRODUITS/P%C3%82TISSERIE/TARTES-%26-TARTELETTES/TARTE-NOIX-DE-COCO-CUIT-1150G-DIAM-260/p/836840;2026-09-10
Coup de Pates;833339;1/2 CADRE CRAQUANT 3 CHOCOLATS;PATI;autres-patisseries;;1;https://shop.coupdepates.fr/TOUS-LES-PRODUITS/P%C3%82TISSERIE/ENTREMETS/1-2-CADRE-CRAQUANT-3-CHOCOLATS/p/833339;2026-09-10
Coup de Pates;833359;1/2 CADRE CHOCOLAT PRALINE ROCHER;PATI;autres-patisseries;;1;https://shop.coupdepates.fr/TOUS-LES-PRODUITS/P%C3%82TISSERIE/ENTREMETS/1-2-CADRE-CHOCOLAT-PRALINE-ROCHER/p/833359;2026-09-10
Coup de Pates;833376;1/2 CADRE MACARON FRAMBOISE NOIX DE COCO;PATI;macarons;;1;https://shop.coupdepates.fr/TOUS-LES-PRODUITS/P%C3%82TISSERIE/ENTREMETS/1-2-CADRE-MACARON-FRAMBOISE-NOIX-DE-COCO/p/833376;2026-09-10
Coup de Pates;835387;MACARON VANILLE FRAMBOISE DIAM 75;PATI;macarons;100g;15;https://shop.coupdepates.fr/TOUS-LES-PRODUITS/P%C3%82TISSERIE/ENTREMETS/MACARON-VANILLE-FRAMBOISE-DIAM-75/p/835387;2026-09-10
Coup de Pates;840604;LE ROCHER NOISETTE CARAMEL 240 MM;PATI;patisserie;600g;2;https://shop.coupdepates.fr/TOUS-LES-PRODUITS/P%C3%82TISSERIE/ENTREMETS/LE-ROCHER-NOISETTE-CARAMEL-240-MM/p/840604;2026-09-10
Coup de Pates;840603;LE ROCHER NOISETTE CARAMEL 160 MM;PATI;patisserie;400g;4;https://shop.coupdepates.fr/TOUS-LES-PRODUITS/P%C3%82TISSERIE/ENTREMETS/LE-ROCHER-NOISETTE-CARAMEL-160-MM/p/840603;2026-09-10
Coup de Pates;840833;DEMI CADRE VANILLE FRUITS ROUGES CUIT 2450G;PATI;autres-patisseries;;1;https://shop.coupdepates.fr/TOUS-LES-PRODUITS/P%C3%82TISSERIE/ENTREMETS/DEMI-CADRE-VANILLE-FRUITS-ROUGES-CUIT-2450G/p/840833;2026-09-10
Coup de Pates;840837;CRUMBLE POMME FRUITS ROUGES CUIT 100G;PATI;autres-patisseries;100g;12;https://shop.coupdepates.fr/TOUS-LES-PRODUITS/P%C3%82TISSERIE/ENTREMETS/CRUMBLE-POMME-FRUITS-ROUGES-CUIT-100G/p/840837;2026-09-10
Coup de Pates;841491;POIRE EN TROMPE L OEIL CUIT 90G;PATI;patisserie;90g;8;https://shop.coupdepates.fr/TOUS-LES-PRODUITS/P%C3%82TISSERIE/ENTREMETS/POIRE-EN-TROMPE-L-OEIL-CUIT-90G/p/841491;2026-09-10
Coup de Pates;841492;POMME EN TROMPE L OEIL CUIT 80G;PATI;patisserie;80g;8;https://shop.coupdepates.fr/TOUS-LES-PRODUITS/P%C3%82TISSERIE/ENTREMETS/POMME-EN-TROMPE-L-OEIL-CUIT-80G/p/841492;2026-09-10
Coup de Pates;841494;TARTE FINE FIGUE CUIT DIAMETRE 130MM 120G;PATI;autres-patisseries;120g;12;https://shop.coupdepates.fr/TOUS-LES-PRODUITS/P%C3%82TISSERIE/TARTES-%26-TARTELETTES/TARTE-FINE-FIGUE-CUIT-DIAMETRE-130MM-120G/p/841494;2026-09-10
Coup de Pates;841495;TARTE FINE POMME CUITE DIAMETRE 130MM 120G;PATI;autres-patisseries;120g;12;https://shop.coupdepates.fr/TOUS-LES-PRODUITS/P%C3%82TISSERIE/TARTES-%26-TARTELETTES/TARTE-FINE-POMME-CUITE-DIAMETRE-130MM-120G/p/841495;2026-09-10
Coup de Pates;841540;MONT BLANC INDIVIDUEL DIAMETRE 70 CUIT 75G;PATI;patisserie;75g;8;https://shop.coupdepates.fr/TOUS-LES-PRODUITS/P%C3%82TISSERIE/ENTREMETS/MONT-BLANC-INDIVIDUEL-DIAMETRE-70-CUIT-75G/p/841540;2026-09-10
Coup de Pates;70005;ECLAIR PISTACHE CUIT 100G;PATI;autres-patisseries;100g;12;https://shop.coupdepates.fr/TOUS-LES-PRODUITS/P%C3%82TISSERIE/P%C3%82TE-%C3%80-CHOUX-%26-BABAS/ECLAIR-PISTACHE-CUIT-100G/p/70005;2026-09-10
Coup de Pates;70007;LINGOT CROUSTILLANT CHOCOLAT CARAMEL CUIT 84G;PATI;patisserie;84g;16;https://shop.coupdepates.fr/TOUS-LES-PRODUITS/P%C3%82TISSERIE/ENTREMETS/LINGOT-CROUSTILLANT-CHOCOLAT-CARAMEL-CUIT-84G/p/70007;2026-09-10
Coup de Pates;70008;LINGOT CROUSTILLANT FRUITS ROUGES LITCHI CUIT 78G;PATI;patisserie;85g;16;https://shop.coupdepates.fr/TOUS-LES-PRODUITS/P%C3%82TISSERIE/ENTREMETS/LINGOT-CROUSTILLANT-FRUITS-ROUGES-LITCHI-CUIT-78G/p/70008;2026-09-10
Coup de Pates;70009;ENTREMETS CROUSTILLANT CITRON MOUSSE VANILLE EN BANDE CUIT 795G;PATI;autres-patisseries;795g;4;https://shop.coupdepates.fr/TOUS-LES-PRODUITS/P%C3%82TISSERIE/ENTREMETS/ENTREMETS-CROUSTILLANT-CITRON-MOUSSE-VANILLE-EN-BANDE-CUIT-795G/p/70009;2026-09-10
Coup de Pates;70010;ECLAIR MANGUE PASSION CUIT 75G;PATI;autres-patisseries;75g;14;https://shop.coupdepates.fr/TOUS-LES-PRODUITS/P%C3%82TISSERIE/P%C3%82TE-%C3%80-CHOUX-%26-BABAS/ECLAIR-MANGUE-PASSION-CUIT-75G/p/70010;2026-09-10
Coup de Pates;70012;ECLAIR FRAMBOISE CUIT 75G;PATI;autres-patisseries;75g;14;https://shop.coupdepates.fr/TOUS-LES-PRODUITS/P%C3%82TISSERIE/P%C3%82TE-%C3%80-CHOUX-%26-BABAS/ECLAIR-FRAMBOISE-CUIT-75G/p/70012;2026-09-10
Coup de Pates;841645;TARTE CROUSTILLANTE AUX POMMES D 240 CRU 890G;PATI;autres-patisseries;890g;3;https://shop.coupdepates.fr/TOUS-LES-PRODUITS/P%C3%82TISSERIE/TARTES-%26-TARTELETTES/TARTE-CROUSTILLANTE-AUX-POMMES-D-240-CRU-890G/p/841645;2026-09-10
Coup de Pates;841643;TARTELETTE CROUSTILLANTE AUX POMMES D 105 CRU 130G;PATI;autres-patisseries;130g;24;https://shop.coupdepates.fr/TOUS-LES-PRODUITS/P%C3%82TISSERIE/TARTES-%26-TARTELETTES/TARTELETTE-CROUSTILLANTE-AUX-POMMES-D-105-CRU-130G/p/841643;2026-09-10
Coup de Pates;841644;TARTE CROUSTILLANTE ABRICOT AMANDE D 240 CRU 900G;PATI;autres-patisseries;900g;3;https://shop.coupdepates.fr/TOUS-LES-PRODUITS/P%C3%82TISSERIE/TARTES-%26-TARTELETTES/TARTE-CROUSTILLANTE-ABRICOT-AMANDE-D-240-CRU-900G/p/841644;2026-09-10
Coup de Pates;841642;TARTELETTE CROUSTILLANTE ABRICOT AMANDE D 105 CRU 145G;PATI;autres-patisseries;145g;24;https://shop.coupdepates.fr/TOUS-LES-PRODUITS/P%C3%82TISSERIE/TARTES-%26-TARTELETTES/TARTELETTE-CROUSTILLANTE-ABRICOT-AMANDE-D-105-CRU-145G/p/841642;2026-09-10
Coup de Pates;841648;MACARON VANILLE CHOCOLAT CARAMEL CUIT 90G;PATI;macarons;90g;15;https://shop.coupdepates.fr/TOUS-LES-PRODUITS/P%C3%82TISSERIE/ENTREMETS/MACARON-VANILLE-CHOCOLAT-CARAMEL-CUIT-90G/p/841648;2026-09-10
Coup de Pates;70167;TARTE POMME RHUBARBE CUITE D 230 720G;PATI;autres-patisseries;720g;5;https://shop.coupdepates.fr/TOUS-LES-PRODUITS/P%C3%82TISSERIE/TARTES-%26-TARTELETTES/TARTE-POMME-RHUBARBE-CUITE-D-230-720G/p/70167;2026-09-10
Coup de Pates;70229;TARTELETTE PASSION COCO MERINGUEE D 100 CUIT 130G;PATI;autres-patisseries;130g;18;https://shop.coupdepates.fr/TOUS-LES-PRODUITS/P%C3%82TISSERIE/TARTES-%26-TARTELETTES/TARTELETTE-PASSION-COCO-MERINGUEE-D-100-CUIT-130G/p/70229;2026-09-10
Coup de Pates;70233;TARTELETTE CROUSTILLANTE POIRE CHOCOLAT D 105 CRU 120G;PATI;autres-patisseries;120g;24;https://shop.coupdepates.fr/TOUS-LES-PRODUITS/P%C3%82TISSERIE/TARTES-%26-TARTELETTES/TARTELETTE-CROUSTILLANTE-POIRE-CHOCOLAT-D-105-CRU-120G/p/70233;2026-09-10
Coup de Pates;70232;CHARLOTTINE CITRON MERINGUEE D 80 CUIT 95G;PATI;patisserie;95g;12;https://shop.coupdepates.fr/TOUS-LES-PRODUITS/P%C3%82TISSERIE/ENTREMETS/CHARLOTTINE-CITRON-MERINGUEE-D-80-CUIT-95G/p/70232;2026-09-10
Coup de Pates;70235;FINGER CAKE CARAMEL CUIT 70G;PATI;autres-patisseries;70g;16;https://shop.coupdepates.fr/TOUS-LES-PRODUITS/P%C3%82TISSERIE/G%C3%82TEAUX/FINGER-CAKE-CARAMEL-CUIT-70G/p/70235;2026-09-10
Coup de Pates;70236;TARTE POIRE BOURDALOUE PREDECOUPEE D 270 CUIT 750G;PATI;autres-patisseries;750g;6;https://shop.coupdepates.fr/TOUS-LES-PRODUITS/P%C3%82TISSERIE/TARTES-%26-TARTELETTES/TARTE-POIRE-BOURDALOUE-PREDECOUPEE-D-270-CUIT-750G/p/70236;2026-09-10
Coup de Pates;70237;TARTE CHOCOLAT PREDECOUPEE D 270 CUIT 750G;PATI;autres-patisseries;750g;8;https://shop.coupdepates.fr/TOUS-LES-PRODUITS/P%C3%82TISSERIE/TARTES-%26-TARTELETTES/TARTE-CHOCOLAT-PREDECOUPEE-D-270-CUIT-750G/p/70237;2026-09-10
Coup de Pates;70238;TARTE POMME PREDECOUPEE D 270 CUIT 1000G;PATI;autres-patisseries;;6;https://shop.coupdepates.fr/TOUS-LES-PRODUITS/P%C3%82TISSERIE/TARTES-%26-TARTELETTES/TARTE-POMME-PREDECOUPEE-D-270-CUIT-1000G/p/70238;2026-09-10
Coup de Pates;70240;1/2 CADRE FRAISIER CUIT 3390G;PATI;autres-patisseries;;1;https://shop.coupdepates.fr/TOUS-LES-PRODUITS/P%C3%82TISSERIE/ENTREMETS/1-2-CADRE-FRAISIER-CUIT-3390G/p/70240;2026-09-10
Coup de Pates;70241;FRAISIER INDIVIDUEL CUIT 105G;PATI;patisserie;105g;16;https://shop.coupdepates.fr/TOUS-LES-PRODUITS/P%C3%82TISSERIE/ENTREMETS/FRAISIER-INDIVIDUEL-CUIT-105G/p/70241;2026-09-10
Coup de Pates;70269;TARTELETTE CROUSTILLANTE NORMANDE D 105 CRU 130G;PATI;autres-patisseries;130g;24;https://shop.coupdepates.fr/TOUS-LES-PRODUITS/P%C3%82TISSERIE/TARTES-%26-TARTELETTES/TARTELETTE-CROUSTILLANTE-NORMANDE-D-105-CRU-130G/p/70269;2026-09-10
Coup de Pates;841746;TARTE MIRABELLE CUIT 750G DIAM 230;PATI;autres-patisseries;750g;5;https://shop.coupdepates.fr/TOUS-LES-PRODUITS/P%C3%82TISSERIE/TARTES-%26-TARTELETTES/TARTE-MIRABELLE-CUIT-750G-DIAM-230/p/841746;2026-09-10
Coup de Pates;841744;VERRE BODEGA TIRAMISU;PATI;autres-patisseries;100g;12;https://shop.coupdepates.fr/TOUS-LES-PRODUITS/P%C3%82TISSERIE/ENTREMETS/VERRE-BODEGA-TIRAMISU/p/841744;2026-09-10
Coup de Pates;70436;FLAN COCO CHOCO PREDECOUPE D270 CUIT 1900G;PATI;autres-patisseries;;4;https://shop.coupdepates.fr/TOUS-LES-PRODUITS/P%C3%82TISSERIE/TARTES-%26-TARTELETTES/FLAN-COCO-CHOCO-PREDECOUPE-D270-CUIT-1900G/p/70436;2026-09-10
Coup de Pates;70430;CARRE CITRON MERINGUE CUIT 90G;PATI;patisserie;90g;12;https://shop.coupdepates.fr/TOUS-LES-PRODUITS/P%C3%82TISSERIE/ENTREMETS/CARRE-CITRON-MERINGUE-CUIT-90G/p/70430;2026-09-10
Coup de Pates;70410;FINGER CAKE CHOCOLAT NOISETTE CUIT 70G;PATI;autres-patisseries;70g;16;https://shop.coupdepates.fr/TOUS-LES-PRODUITS/P%C3%82TISSERIE/G%C3%82TEAUX/FINGER-CAKE-CHOCOLAT-NOISETTE-CUIT-70G/p/70410;2026-09-10
Coup de Pates;70419;FLAN CHOCOLAT COOKIE PREDECOUPE D270 CUIT 1950G;PATI;patisserie-americaine;;4;https://shop.coupdepates.fr/TOUS-LES-PRODUITS/P%C3%82TISSERIE/TARTES-%26-TARTELETTES/FLAN-CHOCOLAT-COOKIE-PREDECOUPE-D270-CUIT-1950G/p/70419;2026-09-10
Coup de Pates;70446;1/2 CADRE MOUSSE VANILLEE ET FRUITS DU VERGER CUIT 2450G;PATI;autres-patisseries;;1;https://shop.coupdepates.fr/TOUS-LES-PRODUITS/P%C3%82TISSERIE/ENTREMETS/1-2-CADRE-MOUSSE-VANILLEE-ET-FRUITS-DU-VERGER-CUIT-2450G/p/70446;2026-09-10
Coup de Pates;70431;CARRE ROCHER CHOCOLAT NOISETTE CUIT 85G;PATI;patisserie;85g;12;https://shop.coupdepates.fr/TOUS-LES-PRODUITS/P%C3%82TISSERIE/ENTREMETS/CARRE-ROCHER-CHOCOLAT-NOISETTE-CUIT-85G/p/70431;2026-09-10
Coup de Pates;70411;FINGER CAKE FRUITS ROUGES CUIT 70G;PATI;autres-patisseries;70g;16;https://shop.coupdepates.fr/TOUS-LES-PRODUITS/P%C3%82TISSERIE/G%C3%82TEAUX/FINGER-CAKE-FRUITS-ROUGES-CUIT-70G/p/70411;2026-09-10
Coup de Pates;70467;MACARON MANGUE PASSION CUIT 75G;PATI;macarons;75g;15;https://shop.coupdepates.fr/TOUS-LES-PRODUITS/P%C3%82TISSERIE/ENTREMETS/MACARON-MANGUE-PASSION-CUIT-75G/p/70467;2026-09-10
Coup de Pates;70853;FLAN INDIVIDUEL D95 185 G 16 PCE;PATI;autres-patisseries;185g;16;https://shop.coupdepates.fr/TOUS-LES-PRODUITS/P%C3%82TISSERIE/TARTES-%26-TARTELETTES/FLAN-INDIVIDUEL-D95-185-G-16-PCE/p/70853;2026-09-10
Coup de Pates;70865;ECLAIR OH OUI! : LE CRAQUELIN NOISETTE 80G 16PCE;PATI;autres-patisseries;80g;16;https://shop.coupdepates.fr/TOUS-LES-PRODUITS/P%C3%82TISSERIE/P%C3%82TE-%C3%80-CHOUX-%26-BABAS/ECLAIR-OH-OUI%21-%3A-LE-CRAQUELIN-NOISETTE-80G-16PCE/p/70865;2026-09-10
Coup de Pates;70859;TARTELETTE CHOCOLAT SELECTION CUIT Ø80 65G 27PCE;PATI;autres-patisseries;65g;27;https://shop.coupdepates.fr/TOUS-LES-PRODUITS/P%C3%82TISSERIE/TARTES-%26-TARTELETTES/TARTELETTE-CHOCOLAT-SELECTION-CUIT-%C3%9880-65G-27PCE/p/70859;2026-09-10
Coup de Pates;70860;TARTELETTE CITRON SELECTION CUIT Ø80 67G 27PCE;PATI;autres-patisseries;67g;27;https://shop.coupdepates.fr/TOUS-LES-PRODUITS/P%C3%82TISSERIE/TARTES-%26-TARTELETTES/TARTELETTE-CITRON-SELECTION-CUIT-%C3%9880-67G-27PCE/p/70860;2026-09-10
Coup de Pates;70861;CROUSTADE AUX POMMES CRU Ø280 950G 6PCE;PATI;patisserie;950g;6;https://shop.coupdepates.fr/TOUS-LES-PRODUITS/P%C3%82TISSERIE/TARTES-%26-TARTELETTES/CROUSTADE-AUX-POMMES-CRU-%C3%98280-950G-6PCE/p/70861;2026-09-10
Coup de Pates;70862;CROUSTADE AUX POMMES CRU Ø220;PATI;patisserie;500g;6;https://shop.coupdepates.fr/TOUS-LES-PRODUITS/P%C3%82TISSERIE/TARTES-%26-TARTELETTES/CROUSTADE-AUX-POMMES-CRU-%C3%98220/p/70862;2026-09-10
Coup de Pates;70858;MOUSSELINE TROPÉZIENNE Ø310 3PCE 1,1KG;PATI;patisserie;;3;https://shop.coupdepates.fr/TOUS-LES-PRODUITS/P%C3%82TISSERIE/G%C3%82TEAUX/MOUSSELINE-TROP%C3%89ZIENNE-%C3%98310-3PCE-1%2C1KG/p/70858;2026-09-10
Coup de Pates;70863;CROUSTADE AUX MYRTILLES CRU Ø280 950G 6PCE;PATI;patisserie;950g;6;https://shop.coupdepates.fr/TOUS-LES-PRODUITS/P%C3%82TISSERIE/TARTES-%26-TARTELETTES/CROUSTADE-AUX-MYRTILLES-CRU-%C3%98280-950G-6PCE/p/70863;2026-09-10
Coup de Pates;70851;TARTELETTE BOURDALOUE POIRE Ø100;PATI;autres-patisseries;145g;36;https://shop.coupdepates.fr/TOUS-LES-PRODUITS/P%C3%82TISSERIE/TARTES-%26-TARTELETTES/TARTELETTE-BOURDALOUE-POIRE-%C3%98100/p/70851;2026-09-10
Coup de Pates;71172;ECLAIR GOURMAND CHOCOLAT CUIT 80G 20PCE;PATI;autres-patisseries;80g;20;https://shop.coupdepates.fr/TOUS-LES-PRODUITS/P%C3%82TISSERIE/P%C3%82TE-%C3%80-CHOUX-%26-BABAS/ECLAIR-GOURMAND-CHOCOLAT-CUIT-80G-20PCE/p/71172;2026-09-10
Coup de Pates;71174;ECLAIR GOURMAND VANILLE CUIT 80G 20PCE;PATI;autres-patisseries;80g;20;https://shop.coupdepates.fr/TOUS-LES-PRODUITS/P%C3%82TISSERIE/P%C3%82TE-%C3%80-CHOUX-%26-BABAS/ECLAIR-GOURMAND-VANILLE-CUIT-80G-20PCE/p/71174;2026-09-10
Coup de Pates;71173;ECLAIR GOURMAND CAFÉ CUIT 80G 20PCE;PATI;autres-patisseries;80g;20;https://shop.coupdepates.fr/TOUS-LES-PRODUITS/P%C3%82TISSERIE/P%C3%82TE-%C3%80-CHOUX-%26-BABAS/ECLAIR-GOURMAND-CAF%C3%89-CUIT-80G-20PCE/p/71173;2026-09-10
Coup de Pates;71031;MAXI ECLAIR PARFUM CHOCOLAT CUIT 105G 30PCE;PATI;autres-patisseries;105g;30;https://shop.coupdepates.fr/TOUS-LES-PRODUITS/P%C3%82TISSERIE/P%C3%82TE-%C3%80-CHOUX-%26-BABAS/MAXI-ECLAIR-PARFUM-CHOCOLAT-CUIT-105G-30PCE/p/71031;2026-09-10
Coup de Pates;71033;MAXI ECLAIR VANILLE CUIT 105G 30PCE;PATI;autres-patisseries;105g;30;https://shop.coupdepates.fr/TOUS-LES-PRODUITS/P%C3%82TISSERIE/P%C3%82TE-%C3%80-CHOUX-%26-BABAS/MAXI-ECLAIR-VANILLE-CUIT-105G-30PCE/p/71033;2026-09-10
Coup de Pates;71029;MAXI ECLAIR CAFE CUIT 105G 30PCE;PATI;autres-patisseries;105g;30;https://shop.coupdepates.fr/TOUS-LES-PRODUITS/P%C3%82TISSERIE/P%C3%82TE-%C3%80-CHOUX-%26-BABAS/MAXI-ECLAIR-CAFE-CUIT-105G-30PCE/p/71029;2026-09-10
Coup de Pates;71042;MAXI RELIGIEUSE PARFUM CHOCOLAT CUIT 130G 14PCE;PATI;patisserie;130g;14;https://shop.coupdepates.fr/TOUS-LES-PRODUITS/P%C3%82TISSERIE/P%C3%82TE-%C3%80-CHOUX-%26-BABAS/MAXI-RELIGIEUSE-PARFUM-CHOCOLAT-CUIT-130G-14PCE/p/71042;2026-09-10
Coup de Pates;71041;MAXI RELIGIEUSE CAFE CUIT 130G 14PCE;PATI;patisserie;130g;14;https://shop.coupdepates.fr/TOUS-LES-PRODUITS/P%C3%82TISSERIE/P%C3%82TE-%C3%80-CHOUX-%26-BABAS/MAXI-RELIGIEUSE-CAFE-CUIT-130G-14PCE/p/71041;2026-09-10
Coup de Pates;71039;SALAMBO COGNAC EXTRAIT D ORANGE CUIT 95G 30PCE;PATI;patisserie;95g;30;https://shop.coupdepates.fr/TOUS-LES-PRODUITS/P%C3%82TISSERIE/P%C3%82TE-%C3%80-CHOUX-%26-BABAS/SALAMBO-COGNAC-EXTRAIT-D-ORANGE-CUIT-95G-30PCE/p/71039;2026-09-10
Coup de Pates;71067;PARIS BREST Ø185;PATI;autres-patisseries;580g;4;https://shop.coupdepates.fr/TOUS-LES-PRODUITS/P%C3%82TISSERIE/G%C3%82TEAUX/PARIS-BREST-%C3%98185/p/71067;2026-09-10
Coup de Pates;71038;GLAND AU KIRSCH CUIT 95G 30PCE;PATI;patisserie;95g;30;https://shop.coupdepates.fr/TOUS-LES-PRODUITS/P%C3%82TISSERIE/P%C3%82TE-%C3%80-CHOUX-%26-BABAS/GLAND-AU-KIRSCH-CUIT-95G-30PCE/p/71038;2026-09-10
Coup de Pates;71036;MAXI ECLAIR EXCELLENCE CHOCOLAT CUIT 120G;PATI;autres-patisseries;120g;14;https://shop.coupdepates.fr/TOUS-LES-PRODUITS/P%C3%82TISSERIE/P%C3%82TE-%C3%80-CHOUX-%26-BABAS/MAXI-ECLAIR-EXCELLENCE-CHOCOLAT-CUIT-120G/p/71036;2026-09-10
Coup de Pates;70963;DOME BANANE PASSION CHOCOLAT 85G CUIT;PATI;patisserie;85g;12;https://shop.coupdepates.fr/TOUS-LES-PRODUITS/P%C3%82TISSERIE/ENTREMETS/DOME-BANANE-PASSION-CHOCOLAT-85G-CUIT/p/70963;2026-09-10
Coup de Pates;71037;MAXI ECLAIR EXCELLENCE VANILLE CUIT 120G;PATI;autres-patisseries;120g;14;https://shop.coupdepates.fr/TOUS-LES-PRODUITS/P%C3%82TISSERIE/P%C3%82TE-%C3%80-CHOUX-%26-BABAS/MAXI-ECLAIR-EXCELLENCE-VANILLE-CUIT-120G/p/71037;2026-09-10
Coup de Pates;71034;MAXI ECLAIR EXCELLENCE CAFE CUIT 120G;PATI;autres-patisseries;120g;14;https://shop.coupdepates.fr/TOUS-LES-PRODUITS/P%C3%82TISSERIE/P%C3%82TE-%C3%80-CHOUX-%26-BABAS/MAXI-ECLAIR-EXCELLENCE-CAFE-CUIT-120G/p/71034;2026-09-10
Coup de Pates;71056;ENTREMETS INDIVIDUEL VANILLE CARAMEL CUIT 75G 12PCE;PATI;autres-patisseries;75g;12;https://shop.coupdepates.fr/TOUS-LES-PRODUITS/P%C3%82TISSERIE/ENTREMETS/ENTREMETS-INDIVIDUEL-VANILLE-CARAMEL-CUIT-75G-12PCE/p/71056;2026-09-10
Coup de Pates;71058;FRAMBOISIER INDIVIDUEL CUIT 70G 30 PCE;PATI;patisserie;70g;30;https://shop.coupdepates.fr/TOUS-LES-PRODUITS/P%C3%82TISSERIE/ENTREMETS/FRAMBOISIER-INDIVIDUEL-CUIT-70G-30-PCE/p/71058;2026-09-10
Coup de Pates;71057;CLAFOUTIS AUX ABRICOTS SÉLECTION D220 CUIT 900G 5PCE;PATI;autres-patisseries;900g;5;https://shop.coupdepates.fr/TOUS-LES-PRODUITS/P%C3%82TISSERIE/G%C3%82TEAUX/CLAFOUTIS-AUX-ABRICOTS-S%C3%89LECTION-D220-CUIT-900G-5PCE/p/71057;2026-09-10
Coup de Pates;71059;DUO BROWNIE CRÈME VANILLE CUIT 90G 36 PCE;PATI;patisserie-americaine;90g;36;https://shop.coupdepates.fr/TOUS-LES-PRODUITS/P%C3%82TISSERIE/ENTREMETS/DUO-BROWNIE-CR%C3%88ME-VANILLE-CUIT-90G-36-PCE/p/71059;2026-09-10
Coup de Pates;71055;ENTREMETS INDIVIDUEL CHOCOLAT PRALINÉ CUIT 80G 12PCE;PATI;autres-patisseries;80g;12;https://shop.coupdepates.fr/TOUS-LES-PRODUITS/P%C3%82TISSERIE/ENTREMETS/ENTREMETS-INDIVIDUEL-CHOCOLAT-PRALIN%C3%89-CUIT-80G-12PCE/p/71055;2026-09-10
Coup de Pates;71062;PALET COCO SÉLECTION D80 CUIT 80G 48 PCE;PATI;patisserie;80g;48;https://shop.coupdepates.fr/TOUS-LES-PRODUITS/P%C3%82TISSERIE/G%C3%82TEAUX/PALET-COCO-S%C3%89LECTION-D80-CUIT-80G-48-PCE/p/71062;2026-09-10
Coup de Pates;71061;DUO COOKIE CRÈME CHOCOLAT CUIT 90G 12 PCE;PATI;patisserie-americaine;90g;36;https://shop.coupdepates.fr/TOUS-LES-PRODUITS/P%C3%82TISSERIE/ENTREMETS/DUO-COOKIE-CR%C3%88ME-CHOCOLAT-CUIT-90G-12-PCE/p/71061;2026-09-10
Coup de Pates;71294;MACARON VANILLE CHOCOLAT CARAMEL D75 CUIT 90G 12PCES;PATI;macarons;90g;12;https://shop.coupdepates.fr/TOUS-LES-PRODUITS/P%C3%82TISSERIE/ENTREMETS/MACARON-VANILLE-CHOCOLAT-CARAMEL-D75-CUIT-90G-12PCES/p/71294;2026-09-10
Coup de Pates;70993;ENTREMETS ROND EXCELLENCE VANILLE CARAMEL CUIT D160 540G 4P/CAR;PATI;autres-patisseries;540g;4;https://shop.coupdepates.fr/TOUS-LES-PRODUITS/P%C3%82TISSERIE/ENTREMETS/ENTREMETS-ROND-EXCELLENCE-VANILLE-CARAMEL-CUIT-D160-540G-4P-CAR/p/70993;2026-09-10
Coup de Pates;71298;MACARON VANILLE FRAMBOISE D75 CUIT 100G 12PCES;PATI;macarons;100g;12;https://shop.coupdepates.fr/TOUS-LES-PRODUITS/P%C3%82TISSERIE/ENTREMETS/MACARON-VANILLE-FRAMBOISE-D75-CUIT-100G-12PCES/p/71298;2026-09-10
Coup de Pates;71299;MACARON MANGUE PASSION D75 CUIT 75G 12 PCES;PATI;macarons;75g;12;https://shop.coupdepates.fr/TOUS-LES-PRODUITS/P%C3%82TISSERIE/ENTREMETS/MACARON-MANGUE-PASSION-D75-CUIT-75G-12-PCES/p/71299;2026-09-10
Coup de Pates;71341;TARTELETTE FLAN SELECTION CUIT D80 90G 44PCES;PATI;autres-patisseries;90g;44;https://shop.coupdepates.fr/TOUS-LES-PRODUITS/P%C3%82TISSERIE/TARTES-%26-TARTELETTES/TARTELETTE-FLAN-SELECTION-CUIT-D80-90G-44PCES/p/71341;2026-09-10
Coup de Pates;71366;FLAN INDIVIDUEL D95 CUIT 185G 24PCE;PATI;autres-patisseries;185g;24;https://shop.coupdepates.fr/TOUS-LES-PRODUITS/P%C3%82TISSERIE/TARTES-%26-TARTELETTES/FLAN-INDIVIDUEL-D95-CUIT-185G-24PCE/p/71366;2026-09-10
Coup de Pates;71338;ABRICOTINE SUPRÊME CUIT 95G 8 PCE;PATI;patisserie;95g;8;https://shop.coupdepates.fr/TOUS-LES-PRODUITS/P%C3%82TISSERIE/ENTREMETS/ABRICOTINE-SUPR%C3%8AME-CUIT-95G-8-PCE/p/71338;2026-09-10
Coup de Pates;71488;GOUTTE CHOCO PASSION SUPREME CUIT 78G 12PCE;PATI;patisserie;78g;12;https://shop.coupdepates.fr/TOUS-LES-PRODUITS/P%C3%82TISSERIE/ENTREMETS/GOUTTE-CHOCO-PASSION-SUPREME-CUIT-78G-12PCE/p/71488;2026-09-10
Coup de Pates;71528;FONDANT CHOCOLAT D270 CUIT 900G 3PCES;PATI;patisserie;900g;3;https://shop.coupdepates.fr/TOUS-LES-PRODUITS/P%C3%82TISSERIE/G%C3%82TEAUX/FONDANT-CHOCOLAT-D270-CUIT-900G-3PCES/p/71528;2026-09-10
Coup de Pates;71553;MI CUIT CHOCOLAT PISTACHE CUIT 110G 30PCE;PATI;patisserie;110g;30;https://shop.coupdepates.fr/TOUS-LES-PRODUITS/P%C3%82TISSERIE/G%C3%82TEAUX/MI-CUIT-CHOCOLAT-PISTACHE-CUIT-110G-30PCE/p/71553;2026-09-10
Coup de Pates;71571;MOELLEUX ROCHER CHOCOLAT D240 PREDECOUPE CUIT 800G 3PCE;PATI;autres-patisseries;800g;3;https://shop.coupdepates.fr/TOUS-LES-PRODUITS/P%C3%82TISSERIE/G%C3%82TEAUX/MOELLEUX-ROCHER-CHOCOLAT-D240-PREDECOUPE-CUIT-800G-3PCE/p/71571;2026-09-10
Coup de Pates;71578;VERRINE PATISSIERE CHOCOLAT PRALINE CUIT 100G 18PCE;PATI;autres-patisseries;100g;18;https://shop.coupdepates.fr/TOUS-LES-PRODUITS/P%C3%82TISSERIE/ENTREMETS/VERRINE-PATISSIERE-CHOCOLAT-PRALINE-CUIT-100G-18PCE/p/71578;2026-09-10
Coup de Pates;71579;VERRINE PATISSIERE TARTE CITRON CUIT 100G 18PCE;PATI;autres-patisseries;100g;18;https://shop.coupdepates.fr/TOUS-LES-PRODUITS/P%C3%82TISSERIE/ENTREMETS/VERRINE-PATISSIERE-TARTE-CITRON-CUIT-100G-18PCE/p/71579;2026-09-10
Coup de Pates;71581;VERRINE PATISSIERE CHEESECAKE FRAMBOISE 100G 18PCE;PATI;patisserie-americaine;100g;18;https://shop.coupdepates.fr/TOUS-LES-PRODUITS/P%C3%82TISSERIE/ENTREMETS/VERRINE-PATISSIERE-CHEESECAKE-FRAMBOISE-100G-18PCE/p/71581;2026-09-10
Coup de Pates;71189;ECLAIR GOURMAND SPECULOOS CUIT 80G;PATI;autres-patisseries;80g;20;https://shop.coupdepates.fr/TOUS-LES-PRODUITS/P%C3%82TISSERIE/P%C3%82TE-%C3%80-CHOUX-%26-BABAS/ECLAIR-GOURMAND-SPECULOOS-CUIT-80G/p/71189;2026-09-10
Coup de Pates;71191;ECLAIR GOURMAND NOISETTE PARFUM CHOCOLAT 80G;PATI;autres-patisseries;80g;20;https://shop.coupdepates.fr/TOUS-LES-PRODUITS/P%C3%82TISSERIE/P%C3%82TE-%C3%80-CHOUX-%26-BABAS/ECLAIR-GOURMAND-NOISETTE-PARFUM-CHOCOLAT-80G/p/71191;2026-09-10
Coup de Pates;71252;TARTELETTE ABRICOT AMANDE D100 CUITE 120G;PATI;autres-patisseries;120g;36;https://shop.coupdepates.fr/TOUS-LES-PRODUITS/P%C3%82TISSERIE/TARTES-%26-TARTELETTES/TARTELETTE-ABRICOT-AMANDE-D100-CUITE-120G/p/71252;2026-09-10
Coup de Pates;71251;TARTELETTE AUX MYRTILLES D100 CUITE 125G;PATI;autres-patisseries;125g;36;https://shop.coupdepates.fr/TOUS-LES-PRODUITS/P%C3%82TISSERIE/TARTES-%26-TARTELETTES/TARTELETTE-AUX-MYRTILLES-D100-CUITE-125G/p/71251;2026-09-10
Coup de Pates;71253;TARTELETTE AUX POMMES D100 CUITE 125G;PATI;autres-patisseries;125g;36;https://shop.coupdepates.fr/TOUS-LES-PRODUITS/P%C3%82TISSERIE/TARTES-%26-TARTELETTES/TARTELETTE-AUX-POMMES-D100-CUITE-125G/p/71253;2026-09-10
Coup de Pates;71249;TARTELETTE AUX FRAISES D100 CUITE 135G;PATI;autres-patisseries;135g;36;https://shop.coupdepates.fr/TOUS-LES-PRODUITS/P%C3%82TISSERIE/TARTES-%26-TARTELETTES/TARTELETTE-AUX-FRAISES-D100-CUITE-135G/p/71249;2026-09-10
Coup de Pates;70972;ENTREMETS ROND EXCELLENCE CHOCOLAT PRALINE CUIT D160 600G 4P/CAR;PATI;autres-patisseries;600g;4;https://shop.coupdepates.fr/TOUS-LES-PRODUITS/P%C3%82TISSERIE/ENTREMETS/ENTREMETS-ROND-EXCELLENCE-CHOCOLAT-PRALINE-CUIT-D160-600G-4P-CAR/p/70972;2026-09-10
Coup de Pates;70689;MOELLEUX NOISETTE INDIVIDUEL SELECTION D100 CUIT 90G;PATI;autres-patisseries;90g;32;https://shop.coupdepates.fr/TOUS-LES-PRODUITS/P%C3%82TISSERIE/TARTES-%26-TARTELETTES/MOELLEUX-NOISETTE-INDIVIDUEL-SELECTION-D100-CUIT-90G/p/70689;2026-09-10
Coup de Pates;70690;ENTREMETS ROND EXCELLENCE VANILLE PÉCAN INDIVIDUEL D66 CUIT 75G;PATI;autres-patisseries;75g;12;https://shop.coupdepates.fr/TOUS-LES-PRODUITS/P%C3%82TISSERIE/ENTREMETS/ENTREMETS-ROND-EXCELLENCE-VANILLE-P%C3%89CAN-INDIVIDUEL-D66-CUIT-75G/p/70690;2026-09-10
Coup de Pates;70718;MERVEILLEUX COPEAUX DE CHOCOLAT CUIT 90G;PATI;patisserie;90g;12;https://shop.coupdepates.fr/TOUS-LES-PRODUITS/P%C3%82TISSERIE/ENTREMETS/MERVEILLEUX-COPEAUX-DE-CHOCOLAT-CUIT-90G/p/70718;2026-09-10
Coup de Pates;70717;MERVEILLEUX COPEAU DE CHOCOLAT BLANC CUIT 90G;PATI;patisserie;90g;12;https://shop.coupdepates.fr/TOUS-LES-PRODUITS/P%C3%82TISSERIE/ENTREMETS/MERVEILLEUX-COPEAU-DE-CHOCOLAT-BLANC-CUIT-90G/p/70717;2026-09-10
Coup de Pates;70719;MERVEILLEUX COCO CUIT 90G;PATI;patisserie;90g;12;https://shop.coupdepates.fr/TOUS-LES-PRODUITS/P%C3%82TISSERIE/ENTREMETS/MERVEILLEUX-COCO-CUIT-90G/p/70719;2026-09-10
Coup de Pates;70691;TARTE CITRON MERINGUÉE PRÉD D240 CUIT 1000G;PATI;autres-patisseries;;4;https://shop.coupdepates.fr/TOUS-LES-PRODUITS/P%C3%82TISSERIE/TARTES-%26-TARTELETTES/TARTE-CITRON-MERINGU%C3%89E-PR%C3%89D-D240-CUIT-1000G/p/70691;2026-09-10
Coup de Pates;70694;TARTE FINE POMME D130 135G CRU;PATI;autres-patisseries;135g;30;https://shop.coupdepates.fr/TOUS-LES-PRODUITS/P%C3%82TISSERIE/TARTES-%26-TARTELETTES/TARTE-FINE-POMME-D130-135G-CRU/p/70694;2026-09-10
Coup de Pates;70705;LES FINGERS OH OUI! LE CHOCOLAT NOIR TRUFFÉ CUIT 70G;PATI;patisserie;70g;27;https://shop.coupdepates.fr/TOUS-LES-PRODUITS/P%C3%82TISSERIE/ENTREMETS/LES-FINGERS-OH-OUI%21-LE-CHOCOLAT-NOIR-TRUFF%C3%89-CUIT-70G/p/70705;2026-09-10
Coup de Pates;70713;TROPEZIENNE INDIVIDUELLE DIAM 85;PATI;patisserie;73g;24;https://shop.coupdepates.fr/TOUS-LES-PRODUITS/P%C3%82TISSERIE/G%C3%82TEAUX/TROPEZIENNE-INDIVIDUELLE-DIAM-85/p/70713;2026-09-10
Coup de Pates;70692;TARTE CITRON PREDECOUPEE D260 CUIT 750G;PATI;autres-patisseries;750g;8;https://shop.coupdepates.fr/TOUS-LES-PRODUITS/P%C3%82TISSERIE/TARTES-%26-TARTELETTES/TARTE-CITRON-PREDECOUPEE-D260-CUIT-750G/p/70692;2026-09-10
Coup de Pates;70707;LES FINGERS OH OUI! LE FRUITS ROUGES;PATI;patisserie;83g;27;https://shop.coupdepates.fr/TOUS-LES-PRODUITS/P%C3%82TISSERIE/ENTREMETS/LES-FINGERS-OH-OUI%21-LE-FRUITS-ROUGES/p/70707;2026-09-10
Coup de Pates;70714;MOUSSELINE TROPEZIENNE DIAM 220;PATI;patisserie;650g;2;https://shop.coupdepates.fr/TOUS-LES-PRODUITS/P%C3%82TISSERIE/G%C3%82TEAUX/MOUSSELINE-TROPEZIENNE-DIAM-220/p/70714;2026-09-10
Coup de Pates;70706;LES FINGERS OH OUI! LE PISTACHE MANDARINE CUIT 71G 27P/CART;PATI;patisserie;71g;27;https://shop.coupdepates.fr/TOUS-LES-PRODUITS/P%C3%82TISSERIE/ENTREMETS/LES-FINGERS-OH-OUI%21-LE-PISTACHE-MANDARINE-CUIT-71G-27P-CART/p/70706;2026-09-10
Coup de Pates;70726;CROUSTI FLAN D105 CRU 145G;PATI;autres-patisseries;145g;24;https://shop.coupdepates.fr/TOUS-LES-PRODUITS/P%C3%82TISSERIE/TARTES-%26-TARTELETTES/CROUSTI-FLAN-D105-CRU-145G/p/70726;2026-09-10
Coup de Pates;70566;DOME FRAMBOISE PISTACHE CUIT 80G;PATI;patisserie;80g;12;https://shop.coupdepates.fr/TOUS-LES-PRODUITS/P%C3%82TISSERIE/ENTREMETS/DOME-FRAMBOISE-PISTACHE-CUIT-80G/p/70566;2026-09-10
Coup de Pates;70564;DOME POMME CARAMEL CUIT 80G;PATI;patisserie;80g;12;https://shop.coupdepates.fr/TOUS-LES-PRODUITS/P%C3%82TISSERIE/ENTREMETS/DOME-POMME-CARAMEL-CUIT-80G/p/70564;2026-09-10
Coup de Pates;70565;DOME MANGUE PASSION COCO CUIT 80G;PATI;patisserie;80g;12;https://shop.coupdepates.fr/TOUS-LES-PRODUITS/P%C3%82TISSERIE/ENTREMETS/DOME-MANGUE-PASSION-COCO-CUIT-80G/p/70565;2026-09-10
Coup de Pates;70815;MAXI MOELLEUX CHOCOLAT CRU D 260 1300G;PATI;autres-patisseries;;4;https://shop.coupdepates.fr/TOUS-LES-PRODUITS/P%C3%82TISSERIE/G%C3%82TEAUX/MAXI-MOELLEUX-CHOCOLAT-CRU-D-260-1300G/p/70815;2026-09-10
Coup de Pates;70856;1/2 CADRE SPECULOOS 2100G 1PCE;PATI;autres-patisseries;;1;https://shop.coupdepates.fr/TOUS-LES-PRODUITS/P%C3%82TISSERIE/ENTREMETS/1-2-CADRE-SPECULOOS-2100G-1PCE/p/70856;2026-09-10
Coup de Pates;70852;ECLAIR PISTACHE CUIT 75G 14PCES;PATI;autres-patisseries;75g;14;https://shop.coupdepates.fr/TOUS-LES-PRODUITS/P%C3%82TISSERIE/P%C3%82TE-%C3%80-CHOUX-%26-BABAS/ECLAIR-PISTACHE-CUIT-75G-14PCES/p/70852;2026-09-10
Coup de Pates;70855;ENTREMET ROND EXCELLENCE CAPPUCCINO INDIVIDUEL 80G 12 PCE;PATI;autres-patisseries;80g;12;https://shop.coupdepates.fr/TOUS-LES-PRODUITS/P%C3%82TISSERIE/ENTREMETS/ENTREMET-ROND-EXCELLENCE-CAPPUCCINO-INDIVIDUEL-80G-12-PCE/p/70855;2026-09-10
Coup de Pates;70857;ENTREMETS FRAISE EN BANDE 800G 4PCES;PATI;autres-patisseries;800g;4;https://shop.coupdepates.fr/TOUS-LES-PRODUITS/P%C3%82TISSERIE/ENTREMETS/ENTREMETS-FRAISE-EN-BANDE-800G-4PCES/p/70857;2026-09-10
Coup de Pates;841564;CUP MOUSSE AU CHOCOLAT CUIT 70G;PATI;patisserie;70g;24;https://shop.coupdepates.fr/TOUS-LES-PRODUITS/P%C3%82TISSERIE/ENTREMETS/CUP-MOUSSE-AU-CHOCOLAT-CUIT-70G/p/841564;2026-09-10
Coup de Pates;70086;DOME CITRON PISTACHE CUIT 85G;PATI;patisserie;80g;12;https://shop.coupdepates.fr/TOUS-LES-PRODUITS/P%C3%82TISSERIE/ENTREMETS/DOME-CITRON-PISTACHE-CUIT-85G/p/70086;2026-09-10
Coup de Pates;70166;TARTE POMME CUITE FACON NORMANDE D 230 720G;PATI;autres-patisseries;720g;5;https://shop.coupdepates.fr/TOUS-LES-PRODUITS/P%C3%82TISSERIE/TARTES-%26-TARTELETTES/TARTE-POMME-CUITE-FACON-NORMANDE-D-230-720G/p/70166;2026-09-10
Coup de Pates;841722;TARTELETTE ABRICOT AMANDE D 100 CUIT 125G;PATI;autres-patisseries;125g;15;https://shop.coupdepates.fr/TOUS-LES-PRODUITS/P%C3%82TISSERIE/TARTES-%26-TARTELETTES/TARTELETTE-ABRICOT-AMANDE-D-100-CUIT-125G/p/841722;2026-09-10
Coup de Pates;841723;TARTELETTE AUX MYRTILLES D 100 CUIT 130G;PATI;autres-patisseries;130g;15;https://shop.coupdepates.fr/TOUS-LES-PRODUITS/P%C3%82TISSERIE/TARTES-%26-TARTELETTES/TARTELETTE-AUX-MYRTILLES-D-100-CUIT-130G/p/841723;2026-09-10
Coup de Pates;841724;TARTELETTE AUX POMMES D 100 CUIT 125G;PATI;autres-patisseries;125g;15;https://shop.coupdepates.fr/TOUS-LES-PRODUITS/P%C3%82TISSERIE/TARTES-%26-TARTELETTES/TARTELETTE-AUX-POMMES-D-100-CUIT-125G/p/841724;2026-09-10
Coup de Pates;841725;TARTELETTE AUX FRAISE D 100 CUIT 140G;PATI;autres-patisseries;140g;15;https://shop.coupdepates.fr/TOUS-LES-PRODUITS/P%C3%82TISSERIE/TARTES-%26-TARTELETTES/TARTELETTE-AUX-FRAISE-D-100-CUIT-140G/p/841725;2026-09-10
Coup de Pates;451103;ASSORTIMENTS DE COOKIES;PATI;patisserie-americaine;85g;96;https://shop.coupdepates.fr/TOUS-LES-PRODUITS/VIENNOISERIE-P%C3%82TISSERIE-AMERICAINE/COOKIES/ASSORTIMENTS-DE-COOKIES/p/451103;2026-09-10
Coup de Pates;18430;MUFFIN CHOCOLAT EXTREME CUIT 110G;PATI;patisserie-americaine;110g;20;https://shop.coupdepates.fr/TOUS-LES-PRODUITS/VIENNOISERIE-P%C3%82TISSERIE-AMERICAINE/MUFFINS/MUFFIN-CHOCOLAT-EXTREME-CUIT-110G/p/18430;2026-09-10
Coup de Pates;18434;MAXI MUFFIN'S NATURE PEPITES DE CHOCOLAT;PATI;patisserie-americaine;130g;32;https://shop.coupdepates.fr/TOUS-LES-PRODUITS/VIENNOISERIE-P%C3%82TISSERIE-AMERICAINE/MUFFINS/MAXI-MUFFIN%27S-NATURE-PEPITES-DE-CHOCOLAT/p/18434;2026-09-10
Coup de Pates;22037;MUFFIN FOURRE MYRTILLE CUIT 110G;PATI;patisserie-americaine;110g;20;https://shop.coupdepates.fr/TOUS-LES-PRODUITS/VIENNOISERIE-P%C3%82TISSERIE-AMERICAINE/MUFFINS/MUFFIN-FOURRE-MYRTILLE-CUIT-110G/p/22037;2026-09-10
Coup de Pates;22072;MUFFIN CARAMEL NOIX DE PECAN CUIT 110G;PATI;patisserie-americaine;110g;20;https://shop.coupdepates.fr/TOUS-LES-PRODUITS/VIENNOISERIE-P%C3%82TISSERIE-AMERICAINE/MUFFINS/MUFFIN-CARAMEL-NOIX-DE-PECAN-CUIT-110G/p/22072;2026-09-10
Coup de Pates;22088;MUFFIN PARFUM CHOCOLAT NOISETTE CUIT 93G;PATI;patisserie-americaine;93g;20;https://shop.coupdepates.fr/TOUS-LES-PRODUITS/VIENNOISERIE-P%C3%82TISSERIE-AMERICAINE/MUFFINS/MUFFIN-PARFUM-CHOCOLAT-NOISETTE-CUIT-93G/p/22088;2026-09-10
Coup de Pates;22074;DONUT FOURRE PARFUM CHOCOLAT;PATI;patisserie-americaine;74g;36;https://shop.coupdepates.fr/TOUS-LES-PRODUITS/VIENNOISERIE-P%C3%82TISSERIE-AMERICAINE/DONUTS/DONUT-FOURRE-PARFUM-CHOCOLAT/p/22074;2026-09-10
Coup de Pates;25007;DONUT FOURRE CREME;PATI;patisserie-americaine;70g;36;https://shop.coupdepates.fr/TOUS-LES-PRODUITS/VIENNOISERIE-P%C3%82TISSERIE-AMERICAINE/DONUTS/DONUT-FOURRE-CREME/p/25007;2026-09-10
Coup de Pates;25015;BROWNIES SELECTION TOUT CHOCOLAT CUIT 78G;PATI;patisserie-americaine;78g;50;https://shop.coupdepates.fr/TOUS-LES-PRODUITS/VIENNOISERIE-P%C3%82TISSERIE-AMERICAINE/BROWNIES/BROWNIES-SELECTION-TOUT-CHOCOLAT-CUIT-78G/p/25015;2026-09-10
Coup de Pates;25055;MUFFIN'S CHOCOLAT FOURRE PARFUM CHOCOLAT NOISETTE;PATI;patisserie-americaine;100g;20;https://shop.coupdepates.fr/TOUS-LES-PRODUITS/VIENNOISERIE-P%C3%82TISSERIE-AMERICAINE/MUFFINS/MUFFIN%27S-CHOCOLAT-FOURRE-PARFUM-CHOCOLAT-NOISETTE/p/25055;2026-09-10
Coup de Pates;25070;MUFFIN'S NATURE FOURRE PARFUM CARAMEL;PATI;patisserie-americaine;100g;20;https://shop.coupdepates.fr/TOUS-LES-PRODUITS/VIENNOISERIE-P%C3%82TISSERIE-AMERICAINE/MUFFINS/MUFFIN%27S-NATURE-FOURRE-PARFUM-CARAMEL/p/25070;2026-09-10
Coup de Pates;25082;COOKIES PEPITES DE CHOCOLAT D70 CRU 50G;PATI;patisserie-americaine;50g;90;https://shop.coupdepates.fr/TOUS-LES-PRODUITS/VIENNOISERIE-P%C3%82TISSERIE-AMERICAINE/COOKIES/COOKIES-PEPITES-DE-CHOCOLAT-D70-CRU-50G/p/25082;2026-09-10
Coup de Pates;25086;BROWNIES 80G;PATI;patisserie-americaine;78g;50;https://shop.coupdepates.fr/TOUS-LES-PRODUITS/VIENNOISERIE-P%C3%82TISSERIE-AMERICAINE/BROWNIES/BROWNIES-80G/p/25086;2026-09-10
Coup de Pates;25071;MUFFIN'S NATURE FOURRE FRUITS ROUGES;PATI;patisserie-americaine;100g;20;https://shop.coupdepates.fr/TOUS-LES-PRODUITS/VIENNOISERIE-P%C3%82TISSERIE-AMERICAINE/MUFFINS/MUFFIN%27S-NATURE-FOURRE-FRUITS-ROUGES/p/25071;2026-09-10
Coup de Pates;25031;MAXI MUFFIN'S CHOCOLAT;PATI;patisserie-americaine;130g;32;https://shop.coupdepates.fr/TOUS-LES-PRODUITS/VIENNOISERIE-P%C3%82TISSERIE-AMERICAINE/MUFFINS/MAXI-MUFFIN%27S-CHOCOLAT/p/25031;2026-09-10
Coup de Pates;25032;MAXI COOKIES PEPITES DE CHOCOLAT BLANC NOIX DE MACADAMIA CUIT;PATI;patisserie-americaine;80g;48;https://shop.coupdepates.fr/TOUS-LES-PRODUITS/VIENNOISERIE-P%C3%82TISSERIE-AMERICAINE/COOKIES/MAXI-COOKIES-PEPITES-DE-CHOCOLAT-BLANC-NOIX-DE-MACADAMIA-CUIT/p/25032;2026-09-10
Coup de Pates;25065;COOKIES PEPITES DE CHOCOLAT CUIT;PATI;patisserie-americaine;45g;60;https://shop.coupdepates.fr/TOUS-LES-PRODUITS/VIENNOISERIE-P%C3%82TISSERIE-AMERICAINE/COOKIES/COOKIES-PEPITES-DE-CHOCOLAT-CUIT/p/25065;2026-09-10
Coup de Pates;25052;ASSORTIMENT DE MINI COOKIES CUITS;PATI;patisserie-americaine;14g;120;https://shop.coupdepates.fr/TOUS-LES-PRODUITS/VIENNOISERIE-P%C3%82TISSERIE-AMERICAINE/COOKIES/ASSORTIMENT-DE-MINI-COOKIES-CUITS/p/25052;2026-09-10
Coup de Pates;25036;BROWNIES CHOCOLAT NOIX DE PECAN 80G;PATI;patisserie-americaine;78g;50;https://shop.coupdepates.fr/TOUS-LES-PRODUITS/VIENNOISERIE-P%C3%82TISSERIE-AMERICAINE/BROWNIES/BROWNIES-CHOCOLAT-NOIX-DE-PECAN-80G/p/25036;2026-09-10
Coup de Pates;27300;CHEESECAKE PREDECOUPE D200;PATI;patisserie-americaine;;2;https://shop.coupdepates.fr/TOUS-LES-PRODUITS/VIENNOISERIE-P%C3%82TISSERIE-AMERICAINE/P%C3%82TISSERIES-AM%C3%89RICAINES/CHEESECAKE-PREDECOUPE-D200/p/27300;2026-09-10
Coup de Pates;838235;MAXI COOKIES AUX 3 CHOCOLATS CUIT D 110;PATI;patisserie-americaine;80g;40;https://shop.coupdepates.fr/TOUS-LES-PRODUITS/VIENNOISERIE-P%C3%82TISSERIE-AMERICAINE/COOKIES/MAXI-COOKIES-AUX-3-CHOCOLATS-CUIT-D-110/p/838235;2026-09-10
Coup de Pates;25197;BROWNIE CHOCOLAT NOIX DE PECAN PLAQUE PREDECOUPEE CUIT 85G;PATI;patisserie-americaine;83.333g;30;https://shop.coupdepates.fr/TOUS-LES-PRODUITS/VIENNOISERIE-P%C3%82TISSERIE-AMERICAINE/BROWNIES/BROWNIE-CHOCOLAT-NOIX-DE-PECAN-PLAQUE-PREDECOUPEE-CUIT-85G/p/25197;2026-09-10
Coup de Pates;25180;DONUT CHOCOLAT;PATI;patisserie-americaine;55g;60;https://shop.coupdepates.fr/TOUS-LES-PRODUITS/VIENNOISERIE-P%C3%82TISSERIE-AMERICAINE/DONUTS/DONUT-CHOCOLAT/p/25180;2026-09-10
Coup de Pates;25177;DONUT;PATI;patisserie-americaine;70g;48;https://shop.coupdepates.fr/TOUS-LES-PRODUITS/VIENNOISERIE-P%C3%82TISSERIE-AMERICAINE/DONUTS/DONUT/p/25177;2026-09-10
Coup de Pates;841481;NUTELLA® MUFFIN;PATI;patisserie-americaine;86g;48;https://shop.coupdepates.fr/TOUS-LES-PRODUITS/VIENNOISERIE-P%C3%82TISSERIE-AMERICAINE/MUFFINS/NUTELLA%C2%AE-MUFFIN/p/841481;2026-09-10
Coup de Pates;841470;MAXI MUFFIN CARROT CAKE CUIT 130G;PATI;patisserie-americaine;130g;24;https://shop.coupdepates.fr/TOUS-LES-PRODUITS/VIENNOISERIE-P%C3%82TISSERIE-AMERICAINE/MUFFINS/MAXI-MUFFIN-CARROT-CAKE-CUIT-130G/p/841470;2026-09-10
Coup de Pates;841482;MUFFIN OREO® CUIT 110G;PATI;patisserie-americaine;110g;36;https://shop.coupdepates.fr/TOUS-LES-PRODUITS/VIENNOISERIE-P%C3%82TISSERIE-AMERICAINE/MUFFINS/MUFFIN-OREO%C2%AE-CUIT-110G/p/841482;2026-09-10
Coup de Pates;70056;DONUT FOURRÉ PARFUM FRAISE CUIT 68G;PATI;patisserie-americaine;68g;48;https://shop.coupdepates.fr/TOUS-LES-PRODUITS/VIENNOISERIE-P%C3%82TISSERIE-AMERICAINE/DONUTS/DONUT-FOURR%C3%89-PARFUM-FRAISE-CUIT-68G/p/70056;2026-09-10
Coup de Pates;70057;BROWNIE CRISPY POPCORN PLAQUE PREDECOUPEE CUIT 78G;PATI;patisserie-americaine;;1;https://shop.coupdepates.fr/TOUS-LES-PRODUITS/VIENNOISERIE-P%C3%82TISSERIE-AMERICAINE/BROWNIES/BROWNIE-CRISPY-POPCORN-PLAQUE-PREDECOUPEE-CUIT-78G/p/70057;2026-09-10
Coup de Pates;70720;MAXI MUFFIN PISTACHE CUIT 120G;PATI;patisserie-americaine;120g;28;https://shop.coupdepates.fr/TOUS-LES-PRODUITS/VIENNOISERIE-P%C3%82TISSERIE-AMERICAINE/MUFFINS/MAXI-MUFFIN-PISTACHE-CUIT-120G/p/70720;2026-09-10
Coup de Pates;70317;DONUT MILKA® CUIT 65G;PATI;patisserie-americaine;65g;48;https://shop.coupdepates.fr/TOUS-LES-PRODUITS/VIENNOISERIE-P%C3%82TISSERIE-AMERICAINE/DONUTS/DONUT-MILKA%C2%AE-CUIT-65G/p/70317;2026-09-10
Coup de Pates;70321;DONUT MARS® CUIT 57G;PATI;patisserie-americaine;57g;36;https://shop.coupdepates.fr/TOUS-LES-PRODUITS/VIENNOISERIE-P%C3%82TISSERIE-AMERICAINE/DONUTS/DONUT-MARS%C2%AE-CUIT-57G/p/70321;2026-09-10
Coup de Pates;70428;COOKIE BARRE AVOINE CRANBERRY PLAQUE PREDECOUPEE 55G;PATI;patisserie-americaine;;1;https://shop.coupdepates.fr/TOUS-LES-PRODUITS/VIENNOISERIE-P%C3%82TISSERIE-AMERICAINE/COOKIES/COOKIE-BARRE-AVOINE-CRANBERRY-PLAQUE-PREDECOUPEE%C2%A055G/p/70428;2026-09-10
Coup de Pates;70420;BROWNIE CREMEUX NOISETTE PLAQUE PREDECOUPEE CUIT 75G;PATI;patisserie-americaine;;1;https://shop.coupdepates.fr/TOUS-LES-PRODUITS/VIENNOISERIE-P%C3%82TISSERIE-AMERICAINE/BROWNIES/BROWNIE-CREMEUX-NOISETTE-PLAQUE-PREDECOUPEE%C2%A0CUIT-75G/p/70420;2026-09-10
Coup de Pates;70429;MAXI COOKIE MATCHA CHOCOLAT BLANC CUIT D110;PATI;patisserie-americaine;80g;48;https://shop.coupdepates.fr/TOUS-LES-PRODUITS/VIENNOISERIE-P%C3%82TISSERIE-AMERICAINE/COOKIES/MAXI-COOKIE-MATCHA-CHOCOLAT-BLANC-CUIT-D110/p/70429;2026-09-10
Coup de Pates;70497;CHEESECAKE FRAMBOISE PREDECOUPE CUIT D260;PATI;patisserie-americaine;;1;https://shop.coupdepates.fr/TOUS-LES-PRODUITS/VIENNOISERIE-P%C3%82TISSERIE-AMERICAINE/P%C3%82TISSERIES-AM%C3%89RICAINES/CHEESECAKE-FRAMBOISE-PREDECOUPE-CUIT-D260/p/70497;2026-09-10
Coup de Pates;70955;MUFFIN FRAISE BONNE MAMAN 110G CUIT;PATI;patisserie-americaine;110g;20;https://shop.coupdepates.fr/TOUS-LES-PRODUITS/VIENNOISERIE-P%C3%82TISSERIE-AMERICAINE/MUFFINS/MUFFIN-FRAISE-BONNE-MAMAN-110G-CUIT/p/70955;2026-09-10
Coup de Pates;70954;MUFFIN PÂTE À TARTINER NOISETTE CACAO BONNE MAMAN 110G CUIT;PATI;patisserie-americaine;110g;20;https://shop.coupdepates.fr/TOUS-LES-PRODUITS/VIENNOISERIE-P%C3%82TISSERIE-AMERICAINE/MUFFINS/MUFFIN-P%C3%82TE-%C3%80-TARTINER-NOISETTE-CACAO-BONNE-MAMAN-110G-CUIT/p/70954;2026-09-10
Coup de Pates;70783;DONUT DAIM 68G;PATI;patisserie-americaine;68g;48;https://shop.coupdepates.fr/TOUS-LES-PRODUITS/VIENNOISERIE-P%C3%82TISSERIE-AMERICAINE/DONUTS/DONUT-DAIM-68G/p/70783;2026-09-10
Coup de Pates;71098;GIANT COOKIE CUIT D190;PATI;patisserie-americaine;310g;10;https://shop.coupdepates.fr/TOUS-LES-PRODUITS/VIENNOISERIE-P%C3%82TISSERIE-AMERICAINE/COOKIES/GIANT-COOKIE-CUIT-D190/p/71098;2026-09-10
Coup de Pates;71099;NY COOKIES CACAO FOURRÉ DUBAI PISTACHE CUIT D80;PATI;patisserie-americaine;95g;30;https://shop.coupdepates.fr/TOUS-LES-PRODUITS/VIENNOISERIE-P%C3%82TISSERIE-AMERICAINE/COOKIES/NY-COOKIES-CACAO-FOURR%C3%89-DUBAI-PISTACHE-CUIT-D80/p/71099;2026-09-10
Coup de Pates;71418;DONUT PARFUM CHOCOLAT CUIT 58G;PATI;patisserie-americaine;58g;36;https://shop.coupdepates.fr/TOUS-LES-PRODUITS/VIENNOISERIE-P%C3%82TISSERIE-AMERICAINE/DONUTS/DONUT-PARFUM-CHOCOLAT-CUIT-58G/p/71418;2026-09-10
Coup de Pates;71375;BROWNIE FONDANT CHOCOLAT FRAMBOISE PLAQUE PREDECOUPEE CUIT 65G;PATI;patisserie-americaine;;1;https://shop.coupdepates.fr/TOUS-LES-PRODUITS/VIENNOISERIE-P%C3%82TISSERIE-AMERICAINE/BROWNIES/BROWNIE-FONDANT-CHOCOLAT-FRAMBOISE-PLAQUE-PREDECOUPEE-CUIT-65G/p/71375;2026-09-10
Coup de Pates;71378;DONUT SPECULOOS LOTUS BISCOFF CUIT 76G;PATI;patisserie-americaine;76g;36;https://shop.coupdepates.fr/TOUS-LES-PRODUITS/VIENNOISERIE-P%C3%82TISSERIE-AMERICAINE/DONUTS/DONUT-SPECULOOS-LOTUS-BISCOFF-CUIT-76G/p/71378;2026-09-10
Coup de Pates;71376;COOKIE VEGAN PEPITES DE CHOCOLAT NOIR CUIT D95 80G;PATI;patisserie-americaine;80g;48;https://shop.coupdepates.fr/TOUS-LES-PRODUITS/VIENNOISERIE-P%C3%82TISSERIE-AMERICAINE/COOKIES/COOKIE-VEGAN-PEPITES-DE-CHOCOLAT-NOIR-CUIT-D95-80G/p/71376;2026-09-10
Coup de Pates;71377;DONUT LION CUIT 83G;PATI;patisserie-americaine;83g;36;https://shop.coupdepates.fr/TOUS-LES-PRODUITS/VIENNOISERIE-P%C3%82TISSERIE-AMERICAINE/DONUTS/DONUT-LION-CUIT-83G/p/71377;2026-09-10
Coup de Pates;71379;MAXI MUFFIN CACAO FOURRE BEURRE DE CACAHUETE CUIT 120G;PATI;patisserie-americaine;120g;20;https://shop.coupdepates.fr/TOUS-LES-PRODUITS/VIENNOISERIE-P%C3%82TISSERIE-AMERICAINE/MUFFINS/MAXI-MUFFIN-CACAO-FOURRE-BEURRE-DE-CACAHUETE-CUIT-120G/p/71379;2026-09-10
Coup de Pates;71523;MAXI COOKIE CACAO FOURRE BROWNIE CUIT D110;PATI;patisserie-americaine;80g;48;https://shop.coupdepates.fr/TOUS-LES-PRODUITS/VIENNOISERIE-P%C3%82TISSERIE-AMERICAINE/COOKIES/MAXI-COOKIE-CACAO-FOURRE-BROWNIE-CUIT-D110/p/71523;2026-09-10
Coup de Pates;71524;MAXI COOKIE FOURRE CACAO NOISETTE CUIT D110;PATI;patisserie-americaine;80g;48;https://shop.coupdepates.fr/TOUS-LES-PRODUITS/VIENNOISERIE-P%C3%82TISSERIE-AMERICAINE/COOKIES/MAXI-COOKIE-FOURRE-CACAO-NOISETTE-CUIT-D110/p/71524;2026-09-10
Coup de Pates;71548;MAXI MUFFIN COOKIE FOURRE CACAO NOISETTE CUIT 120G;PATI;patisserie-americaine;120g;20;https://shop.coupdepates.fr/TOUS-LES-PRODUITS/VIENNOISERIE-P%C3%82TISSERIE-AMERICAINE/MUFFINS/MAXI-MUFFIN-COOKIE-FOURRE-CACAO-NOISETTE-CUIT-120G/p/71548;2026-09-10
Coup de Pates;71549;NY COOKIES CACAO FOURRE NOISETTE CUIT D80;PATI;patisserie-americaine;95g;30;https://shop.coupdepates.fr/TOUS-LES-PRODUITS/VIENNOISERIE-P%C3%82TISSERIE-AMERICAINE/COOKIES/NY-COOKIES-CACAO-FOURRE-NOISETTE-CUIT-D80/p/71549;2026-09-10
Coup de Pates;71572;DONUT FOURRE FRUITS DES BOIS CUIT 68G;PATI;patisserie-americaine;68g;48;https://shop.coupdepates.fr/TOUS-LES-PRODUITS/VIENNOISERIE-P%C3%82TISSERIE-AMERICAINE/DONUTS/DONUT-FOURRE-FRUITS-DES-BOIS-CUIT-68G/p/71572;2026-09-10
Coup de Pates;71102;BANANA BREAD 1 100G CUIT;PATI;patisserie-americaine;;2;https://shop.coupdepates.fr/TOUS-LES-PRODUITS/VIENNOISERIE-P%C3%82TISSERIE-AMERICAINE/P%C3%82TISSERIES-AM%C3%89RICAINES/BANANA-BREAD-1-100G-CUIT/p/71102;2026-09-10
Coup de Pates;71101;MAXI MUFFIN MARBRE FOURRE NOISETTE CUIT 120G;PATI;patisserie-americaine;120g;20;https://shop.coupdepates.fr/TOUS-LES-PRODUITS/VIENNOISERIE-P%C3%82TISSERIE-AMERICAINE/MUFFINS/MAXI-MUFFIN-MARBRE-FOURRE-NOISETTE-CUIT-120G/p/71101;2026-09-10
Coup de Pates;71103;CARROT CAKE 1 100G CUIT;PATI;patisserie-americaine;;2;https://shop.coupdepates.fr/TOUS-LES-PRODUITS/VIENNOISERIE-P%C3%82TISSERIE-AMERICAINE/P%C3%82TISSERIES-AM%C3%89RICAINES/CARROT-CAKE-1-100G-CUIT/p/71103;2026-09-10
Coup de Pates;71104;DONUT FOURRÉ PISTACHE CUIT 69G;PATI;patisserie-americaine;69g;48;https://shop.coupdepates.fr/TOUS-LES-PRODUITS/VIENNOISERIE-P%C3%82TISSERIE-AMERICAINE/DONUTS/DONUT-FOURR%C3%89-PISTACHE-CUIT-69G/p/71104;2026-09-10
Coup de Pates;71167;MUFFIN MADE WITH KITKAT CUIT 100G;PATI;patisserie-americaine;100g;20;https://shop.coupdepates.fr/TOUS-LES-PRODUITS/VIENNOISERIE-P%C3%82TISSERIE-AMERICAINE/MUFFINS/MUFFIN-MADE-WITH-KITKAT-CUIT-100G/p/71167;2026-09-10
Coup de Pates;70724;MAXI MUFFIN CHOCOLAT FOURRÉ CACAO NOISETTE CUIT 130G;PATI;patisserie-americaine;130g;28;https://shop.coupdepates.fr/TOUS-LES-PRODUITS/VIENNOISERIE-P%C3%82TISSERIE-AMERICAINE/MUFFINS/MAXI-MUFFIN-CHOCOLAT-FOURR%C3%89-CACAO-NOISETTE-CUIT-130G/p/70724;2026-09-10
Coup de Pates;70693;LAYER CAKE CHOCOLAT PRÉDÉCOUPÉ D250 CUIT 2350G;PATI;autres-patisseries;;1;https://shop.coupdepates.fr/TOUS-LES-PRODUITS/VIENNOISERIE-P%C3%82TISSERIE-AMERICAINE/P%C3%82TISSERIES-AM%C3%89RICAINES/LAYER-CAKE-CHOCOLAT-PR%C3%89D%C3%89COUP%C3%89-D250-CUIT-2350G/p/70693;2026-09-10
Coup de Pates;70722;MAXI MUFFIN AUX MYRTILLES CUIT 130G;PATI;patisserie-americaine;130g;28;https://shop.coupdepates.fr/TOUS-LES-PRODUITS/VIENNOISERIE-P%C3%82TISSERIE-AMERICAINE/MUFFINS/MAXI-MUFFIN-AUX-MYRTILLES-CUIT-130G/p/70722;2026-09-10
Coup de Pates;70721;MAXI MUFFIN CHOCOLAT INTENSE CUIT 130G;PATI;patisserie-americaine;130g;28;https://shop.coupdepates.fr/TOUS-LES-PRODUITS/VIENNOISERIE-P%C3%82TISSERIE-AMERICAINE/MUFFINS/MAXI-MUFFIN-CHOCOLAT-INTENSE-CUIT-130G/p/70721;2026-09-10
Coup de Pates;70723;MAXI MUFFIN CITRON CUIT 130G;PATI;patisserie-americaine;130g;28;https://shop.coupdepates.fr/TOUS-LES-PRODUITS/VIENNOISERIE-P%C3%82TISSERIE-AMERICAINE/MUFFINS/MAXI-MUFFIN-CITRON-CUIT-130G/p/70723;2026-09-10
Coup de Pates;70710;FONDANT CHOCO COOKIE D82 CUIT 73G;PATI;patisserie-americaine;73g;42;https://shop.coupdepates.fr/TOUS-LES-PRODUITS/VIENNOISERIE-P%C3%82TISSERIE-AMERICAINE/P%C3%82TISSERIES-AM%C3%89RICAINES/FONDANT-CHOCO-COOKIE-D82-CUIT-73G/p/70710;2026-09-10
Coup de Pates;70908;NY COOKIES CHOCOLAT AU LAIT NOISETTE CUIT Ø 90;PATI;patisserie-americaine;95g;30;https://shop.coupdepates.fr/TOUS-LES-PRODUITS/VIENNOISERIE-P%C3%82TISSERIE-AMERICAINE/COOKIES/NY-COOKIES-CHOCOLAT-AU-LAIT-NOISETTE-CUIT-%C3%98-90/p/70908;2026-09-10
Coup de Pates;70907;MAXI MUFFIN SPÉCULOOS CUIT 120G;PATI;patisserie-americaine;120g;28;https://shop.coupdepates.fr/TOUS-LES-PRODUITS/VIENNOISERIE-P%C3%82TISSERIE-AMERICAINE/MUFFINS/MAXI-MUFFIN-SP%C3%89CULOOS-CUIT-120G/p/70907;2026-09-10
Coup de Pates;70912;LAYER CAKE CREAM N CARROT PRÉDÉCOUPÉ D260 CUIT 2350G;PATI;autres-patisseries;;1;https://shop.coupdepates.fr/TOUS-LES-PRODUITS/VIENNOISERIE-P%C3%82TISSERIE-AMERICAINE/P%C3%82TISSERIES-AM%C3%89RICAINES/LAYER-CAKE-CREAM-N-CARROT-PR%C3%89D%C3%89COUP%C3%89-D260-CUIT-2350G/p/70912;2026-09-10
Coup de Pates;70910;NY COOKIES CACAHUETE CARAMEL CUIT Ø 90;PATI;patisserie-americaine;95g;30;https://shop.coupdepates.fr/TOUS-LES-PRODUITS/VIENNOISERIE-P%C3%82TISSERIE-AMERICAINE/COOKIES/NY-COOKIES-CACAHUETE-CARAMEL-CUIT-%C3%98-90/p/70910;2026-09-10
Coup de Pates;70911;NY COOKIES CRANBERRY CHOCOLAT BLANC CUIT Ø 90;PATI;patisserie-americaine;95g;30;https://shop.coupdepates.fr/TOUS-LES-PRODUITS/VIENNOISERIE-P%C3%82TISSERIE-AMERICAINE/COOKIES/NY-COOKIES-CRANBERRY-CHOCOLAT-BLANC-CUIT-%C3%98-90/p/70911;2026-09-10
Coup de Pates;70909;COOKIE BARRE GRANOLA CACAO NOISETTE PLAQUE PRÉDÉCOUPÉE 55G;PATI;patisserie-americaine;;1;https://shop.coupdepates.fr/TOUS-LES-PRODUITS/VIENNOISERIE-P%C3%82TISSERIE-AMERICAINE/COOKIES/COOKIE-BARRE-GRANOLA-CACAO-NOISETTE-PLAQUE-PR%C3%89D%C3%89COUP%C3%89E-55G/p/70909;2026-09-10
Coup de Pates;841692;MAXI MUFFIN BANOFFEE CUIT 130G;PATI;patisserie-americaine;130g;24;https://shop.coupdepates.fr/TOUS-LES-PRODUITS/VIENNOISERIE-P%C3%82TISSERIE-AMERICAINE/MUFFINS/MAXI-MUFFIN-BANOFFEE-CUIT-130G/p/841692;2026-09-10
Coup de Pates;841694;MUFFIN MILKA CUIT 110G;PATI;patisserie-americaine;110g;36;https://shop.coupdepates.fr/TOUS-LES-PRODUITS/VIENNOISERIE-P%C3%82TISSERIE-AMERICAINE/MUFFINS/MUFFIN-MILKA-CUIT-110G/p/841694;2026-09-10
Coup de Pates;841697;DONUT NATURE CUIT 45G;PATI;patisserie-americaine;45g;72;https://shop.coupdepates.fr/TOUS-LES-PRODUITS/VIENNOISERIE-P%C3%82TISSERIE-AMERICAINE/DONUTS/DONUT-NATURE-CUIT-45G/p/841697;2026-09-10
Coup de Pates;841741;MAXI MUFFIN FRUITS ROUGES CUIT 130G;PATI;patisserie-americaine;130g;24;https://shop.coupdepates.fr/TOUS-LES-PRODUITS/VIENNOISERIE-P%C3%82TISSERIE-AMERICAINE/MUFFINS/MAXI-MUFFIN-FRUITS-ROUGES-CUIT-130G/p/841741;2026-09-10
Coup de Pates;22388;QUICHE TARTIFLETTE DIAM 120;SNAC;snacking;200g;12;https://shop.coupdepates.fr/TOUS-LES-PRODUITS/SNACKING/QUICHES-%26-TARTELETTES/QUICHE-TARTIFLETTE-DIAM-120/p/22388;2026-09-10
Coup de Pates;26101;QUICHE POULET LE TOURIER DIAM 120;SNAC;snacking;200g;12;https://shop.coupdepates.fr/TOUS-LES-PRODUITS/SNACKING/QUICHES-%26-TARTELETTES/QUICHE-POULET-LE-TOURIER-DIAM-120/p/26101;2026-09-10
Coup de Pates;26329;QUICHE EPINARDS PIGNONS DE PIN LE TOURIER DIAM 120;SNAC;snacking;200g;12;https://shop.coupdepates.fr/TOUS-LES-PRODUITS/SNACKING/QUICHES-%26-TARTELETTES/QUICHE-EPINARDS-PIGNONS-DE-PIN-LE-TOURIER-DIAM-120/p/26329;2026-09-10
Coup de Pates;26328;QUICHE CHEVRE TOMATE LE TOURIER DIAM 120;SNAC;snacking;200g;12;https://shop.coupdepates.fr/TOUS-LES-PRODUITS/SNACKING/QUICHES-%26-TARTELETTES/QUICHE-CHEVRE-TOMATE-LE-TOURIER-DIAM-120/p/26328;2026-09-10
Coup de Pates;26336;QUICHE POIREAUX LE TOURIER DIAM 120;SNAC;snacking;200g;12;https://shop.coupdepates.fr/TOUS-LES-PRODUITS/SNACKING/QUICHES-%26-TARTELETTES/QUICHE-POIREAUX-LE-TOURIER-DIAM-120/p/26336;2026-09-10
Coup de Pates;26335;QUICHE LORRAINE LE TOURIER DIAM 120;SNAC;snacking;200g;12;https://shop.coupdepates.fr/TOUS-LES-PRODUITS/SNACKING/QUICHES-%26-TARTELETTES/QUICHE-LORRAINE-LE-TOURIER-DIAM-120/p/26335;2026-09-10
Coup de Pates;26333;QUICHE AUX 3 FROMAGES LE TOURIER DIAM 120;SNAC;snacking;200g;12;https://shop.coupdepates.fr/TOUS-LES-PRODUITS/SNACKING/QUICHES-%26-TARTELETTES/QUICHE-AUX-3-FROMAGES-LE-TOURIER-DIAM-120/p/26333;2026-09-10
Coup de Pates;26331;QUICHE SAUMON BROCOLIS LE TOURIER DIAM 120;SNAC;snacking;200g;12;https://shop.coupdepates.fr/TOUS-LES-PRODUITS/SNACKING/QUICHES-%26-TARTELETTES/QUICHE-SAUMON-BROCOLIS-LE-TOURIER-DIAM-120/p/26331;2026-09-10
Coup de Pates;26570;QUICHE CHEVRE TOMATE LE TOURIER PRECUITE DIAM 250;SNAC;snacking;;4;https://shop.coupdepates.fr/TOUS-LES-PRODUITS/SNACKING/QUICHES-%26-TARTES-FINES-%C3%80-PARTAGE/QUICHE-CHEVRE-TOMATE-LE-TOURIER-PRECUITE-DIAM-250/p/26570;2026-09-10
Coup de Pates;26574;QUICHE LORRAINE LE TOURIER PRECUITE DIAM 250;SNAC;snacking;;4;https://shop.coupdepates.fr/TOUS-LES-PRODUITS/SNACKING/QUICHES-%26-TARTES-FINES-%C3%80-PARTAGE/QUICHE-LORRAINE-LE-TOURIER-PRECUITE-DIAM-250/p/26574;2026-09-10
Coup de Pates;26982;QUICHE MEDITERRANEENNE LE TOURIER DIAM 120;SNAC;snacking;200g;12;https://shop.coupdepates.fr/TOUS-LES-PRODUITS/SNACKING/QUICHES-%26-TARTELETTES/QUICHE-MEDITERRANEENNE-LE-TOURIER-DIAM-120/p/26982;2026-09-10
Coup de Pates;832321;QUICHE A L'OIGNON LE TOURIER D 120;SNAC;snacking;200g;12;https://shop.coupdepates.fr/TOUS-LES-PRODUITS/SNACKING/QUICHES-%26-TARTELETTES/QUICHE-A-L%27OIGNON-LE-TOURIER-D-120/p/832321;2026-09-10
Coup de Pates;840859;QUICHE BUTTERNUT COMTE LE TOURIER D120 PRECUIT 200G;SNAC;snacking;200g;12;https://shop.coupdepates.fr/TOUS-LES-PRODUITS/SNACKING/QUICHES-%26-TARTELETTES/QUICHE-BUTTERNUT-COMTE-LE-TOURIER-D120-PRECUIT-200G/p/840859;2026-09-10
Coup de Pates;70243;QUICHE AUX LARDONS DE DINDE HALAL LE TOURIER PRECUIT D120;SNAC;snacking;200g;12;https://shop.coupdepates.fr/TOUS-LES-PRODUITS/SNACKING/QUICHES-%26-TARTELETTES/QUICHE-AUX-LARDONS-DE-DINDE-HALAL-LE-TOURIER-PRECUIT-D120/p/70243;2026-09-10
Coup de Pates;70743;QUICHE CHAMPIGNON CAROTTE ÉPINARD LE TOURIER PREC D2501200G;SNAC;snacking;;4;https://shop.coupdepates.fr/TOUS-LES-PRODUITS/SNACKING/QUICHES-%26-TARTES-FINES-%C3%80-PARTAGE/QUICHE-CHAMPIGNON-CAROTTE-%C3%89PINARD-LE-TOURIER-PREC-D2501200G/p/70743;2026-09-10
Coup de Pates;822923;PIZZA SAVOYARDE D 260;SNAC;snacking;460g;10;https://shop.coupdepates.fr/TOUS-LES-PRODUITS/SNACKING/PIZZAS/PIZZA-SAVOYARDE-D-260/p/822923;2026-09-10
Coup de Pates;22034;PIZZA PINCEE JAMBON FROMAGE;SNAC;snacking;150g;30;https://shop.coupdepates.fr/TOUS-LES-PRODUITS/SNACKING/PIZZAS/PIZZA-PINCEE-JAMBON-FROMAGE/p/22034;2026-09-10
Coup de Pates;22046;PIZZA PINCEE MARGHERITA;SNAC;snacking;150g;30;https://shop.coupdepates.fr/TOUS-LES-PRODUITS/SNACKING/PIZZAS/PIZZA-PINCEE-MARGHERITA/p/22046;2026-09-10
Coup de Pates;22129;CROQUE LEGUMES;SNAC;snacking;190g;18;https://shop.coupdepates.fr/TOUS-LES-PRODUITS/SNACKING/CROQUE-MONSIEUR/CROQUE-LEGUMES/p/22129;2026-09-10
Coup de Pates;28237;PANIWICH MOZZARELLA, TOMATES, PESTO CUIT 200G;SNAC;snacking;200g;20;https://shop.coupdepates.fr/TOUS-LES-PRODUITS/SNACKING/SANDWICHS-GARNIS/PANIWICH-MOZZARELLA%2C-TOMATES%2C-PESTO-CUIT-200G/p/28237;2026-09-10
Coup de Pates;28178;BRETZEL;PAIN;petits-pains;95g;80;https://shop.coupdepates.fr/TOUS-LES-PRODUITS/SNACKING/SNACKING-NOMADE-%26-AP%C3%89RITIF/BRETZEL/p/28178;2026-09-10
Coup de Pates;28221;PANIWICH JAMBON, FROMAGE EMMENTAL CUIT 220G;SNAC;snacking;220g;20;https://shop.coupdepates.fr/TOUS-LES-PRODUITS/SNACKING/SANDWICHS-GARNIS/PANIWICH-JAMBON%2C-FROMAGE-EMMENTAL-CUIT-220G/p/28221;2026-09-10
Coup de Pates;40018;CHEESEBURGER MICRO-ONDABLE (VIANDE BOVINE D'ORIGINE FRANÇAISE);PAIN;petits-pains;140g;24;https://shop.coupdepates.fr/TOUS-LES-PRODUITS/SNACKING/SANDWICHS-GARNIS/CHEESEBURGER-MICRO-ONDABLE-%28VIANDE-BOVINE-D%27ORIGINE-FRAN%C3%87AISE%29/p/40018;2026-09-10
Coup de Pates;26013;BAGUETTE KEBAB;PAIN;baguettes;170g;18;https://shop.coupdepates.fr/TOUS-LES-PRODUITS/SNACKING/BAGUETTES-GARNIES/BAGUETTE-KEBAB/p/26013;2026-09-10
Coup de Pates;26984;PIZZA SANDWICH NOMADE 3 FROMAGES;SNAC;snacking;160g;24;https://shop.coupdepates.fr/TOUS-LES-PRODUITS/SNACKING/PIZZAS/PIZZA-SANDWICH-NOMADE-3-FROMAGES/p/26984;2026-09-10
Coup de Pates;26983;PIZZA SANDWICH NOMADE ROYALE;SNAC;snacking;160g;24;https://shop.coupdepates.fr/TOUS-LES-PRODUITS/SNACKING/PIZZAS/PIZZA-SANDWICH-NOMADE-ROYALE/p/26983;2026-09-10
Coup de Pates;26987;PIZZA 4 FROMAGES DIAM 260;SNAC;snacking;460g;10;https://shop.coupdepates.fr/TOUS-LES-PRODUITS/SNACKING/PIZZAS/PIZZA-4-FROMAGES-DIAM-260/p/26987;2026-09-10
Coup de Pates;28310;FRITA/CHAUSSON BASQUAISE;VIEN;autres-viennoiseries;150g;40;https://shop.coupdepates.fr/TOUS-LES-PRODUITS/SNACKING/FEUILLET%C3%89S/FRITA-CHAUSSON-BASQUAISE/p/28310;2026-09-10
Coup de Pates;18442;TIELLE A LA SETOISE CUIT D110 110G;SNAC;snacking;110g;20;https://shop.coupdepates.fr/TOUS-LES-PRODUITS/SNACKING/PRODUITS-R%C3%89GIONAUX-SNACKING/TIELLE-A-LA-SETOISE-CUIT-D110-110G/p/18442;2026-09-10
Coup de Pates;822924;PIZZA VEGETARIENNE D 260;SNAC;snacking;480g;10;https://shop.coupdepates.fr/TOUS-LES-PRODUITS/SNACKING/PIZZAS/PIZZA-VEGETARIENNE-D-260/p/822924;2026-09-10
Coup de Pates;826144;TARTELETTE TATIN MEDITERANEENNE D100;PATI;autres-patisseries;120g;16;https://shop.coupdepates.fr/TOUS-LES-PRODUITS/SNACKING/QUICHES-%26-TARTELETTES/TARTELETTE-TATIN-MEDITERANEENNE-D100/p/826144;2026-09-10
Coup de Pates;832594;BAGUETTE HOT DOG;SNAC;snacking;200g;18;https://shop.coupdepates.fr/TOUS-LES-PRODUITS/SNACKING/BAGUETTES-GARNIES/BAGUETTE-HOT-DOG/p/832594;2026-09-10
Coup de Pates;840131;LES EMPANADAS D HUBERT : BOEŒUF TEX MEX;SNAC;snacking;150g;32;https://shop.coupdepates.fr/TOUS-LES-PRODUITS/SNACKING/FEUILLET%C3%89S/LES-EMPANADAS-D-HUBERT-%3A-BOE%C2%8CUF-TEX-MEX/p/840131;2026-09-10
Coup de Pates;840129;CROQUE MONSIEUR GOURMET PREMIU CUIT 250G;SNAC;snacking;250g;12;https://shop.coupdepates.fr/TOUS-LES-PRODUITS/SNACKING/CROQUE-MONSIEUR/CROQUE-MONSIEUR-GOURMET-PREMIU-CUIT-250G/p/840129;2026-09-10
Coup de Pates;836230;LES BOITES D'HUBERT : PARMENTIER DE CANARD 340G;SNAC;snacking;340g;10;https://shop.coupdepates.fr/TOUS-LES-PRODUITS/SNACKING/PLATS-PR%C3%89PAR%C3%89S/LES-BOITES-D%27HUBERT-%3A-PARMENTIER-DE-CANARD-340G/p/836230;2026-09-10
Coup de Pates;836147;LES BOITES D'HUBERT : PARMENTIER DE BOEUF 340G;SNAC;snacking;340g;10;https://shop.coupdepates.fr/TOUS-LES-PRODUITS/SNACKING/PLATS-PR%C3%89PAR%C3%89S/LES-BOITES-D%27HUBERT-%3A-PARMENTIER-DE-BOEUF-340G/p/836147;2026-09-10
Coup de Pates;833346;LA CUISINE DU FOURNIL : AIGUILLETTE DE POULET NORMANDE CUIT 740G;SNAC;snacking;740g;4;https://shop.coupdepates.fr/TOUS-LES-PRODUITS/SNACKING/PLATS-PR%C3%89PAR%C3%89S/LA-CUISINE-DU-FOURNIL-%3A-AIGUILLETTE-DE-POULET-NORMANDE-CUIT-740G/p/833346;2026-09-10
Coup de Pates;833348;LA CUISINE DU FOURNIL : POULET BASQUAISE CUIT 1,12KG;SNAC;snacking;;4;https://shop.coupdepates.fr/TOUS-LES-PRODUITS/SNACKING/PLATS-PR%C3%89PAR%C3%89S/LA-CUISINE-DU-FOURNIL-%3A-POULET-BASQUAISE-CUIT-1%2C12KG/p/833348;2026-09-10
Coup de Pates;833347;LA CUISINE DU FOURNIL : BLANQUETTE DE VEAU CUIT 1,24KG;SNAC;snacking;;4;https://shop.coupdepates.fr/TOUS-LES-PRODUITS/SNACKING/PLATS-PR%C3%89PAR%C3%89S/LA-CUISINE-DU-FOURNIL-%3A-BLANQUETTE-DE-VEAU-CUIT-1%2C24KG/p/833347;2026-09-10
Coup de Pates;833230;PANINI VEGETARIEN PREMARQUE 195G;PAIN;pains-sandwich;195g;18;https://shop.coupdepates.fr/TOUS-LES-PRODUITS/SNACKING/SANDWICHS-GARNIS/PANINI-VEGETARIEN-PREMARQUE-195G/p/833230;2026-09-10
Coup de Pates;833233;PANINI JAMBON SEC MOZZARELLA BASILIC PRÉMARQUÉ PRÉCUITE 180G;SNAC;snacking;180g;18;https://shop.coupdepates.fr/TOUS-LES-PRODUITS/SNACKING/SANDWICHS-GARNIS/PANINI-JAMBON-SEC-MOZZARELLA-BASILIC-PR%C3%89MARQU%C3%89-PR%C3%89CUITE-180G/p/833233;2026-09-10
Coup de Pates;835314;CROQUE MONSIEUR PREMIUM CUIT 250G;SNAC;snacking;250g;10;https://shop.coupdepates.fr/TOUS-LES-PRODUITS/SNACKING/CROQUE-MONSIEUR/CROQUE-MONSIEUR-PREMIUM-CUIT-250G/p/835314;2026-09-10
Coup de Pates;840852;LES BOITES D'HUBERT : TARTIFLETTE REBLOCHON 330G;SNAC;snacking;330g;10;https://shop.coupdepates.fr/TOUS-LES-PRODUITS/SNACKING/PLATS-PR%C3%89PAR%C3%89S/LES-BOITES-D%27HUBERT-%3A-TARTIFLETTE-REBLOCHON-330G/p/840852;2026-09-10
Coup de Pates;840851;LES BOITES D'HUBERT : CRUMBLE RICOTTA EPINARD ET GRAINES 350G;PATI;autres-patisseries;350g;10;https://shop.coupdepates.fr/TOUS-LES-PRODUITS/SNACKING/PLATS-PR%C3%89PAR%C3%89S/LES-BOITES-D%27HUBERT-%3A-CRUMBLE-RICOTTA-EPINARD-ET-GRAINES-350G/p/840851;2026-09-10
Coup de Pates;840853;LES BOITES D'HUBERT : GRATIN CABILLAUD ET LEGUMES 350G;SNAC;snacking;350g;10;https://shop.coupdepates.fr/TOUS-LES-PRODUITS/SNACKING/PLATS-PR%C3%89PAR%C3%89S/LES-BOITES-D%27HUBERT-%3A-GRATIN-CABILLAUD-ET-LEGUMES-350G/p/840853;2026-09-10
Coup de Pates;840858;LES CROQ'RONDS D'HUBERT : FAÇON BURGER CHEDDAR PRECUIT 225G;SNAC;snacking;225g;18;https://shop.coupdepates.fr/TOUS-LES-PRODUITS/SNACKING/CROQUE-MONSIEUR/LES-CROQ%27RONDS-D%27HUBERT-%3A-FA%C3%87ON-BURGER-CHEDDAR-PRECUIT-225G/p/840858;2026-09-10
Coup de Pates;840857;LES CROQ'RONDS D'HUBERT : LE MONTAGNARD PRECUIT 225G;SNAC;snacking;225g;18;https://shop.coupdepates.fr/TOUS-LES-PRODUITS/SNACKING/CROQUE-MONSIEUR/LES-CROQ%27RONDS-D%27HUBERT-%3A-LE-MONTAGNARD-PRECUIT-225G/p/840857;2026-09-10
Coup de Pates;840186;PANINI 3 FROMAGES PREMARQUE 210G;SNAC;snacking;210g;12;https://shop.coupdepates.fr/TOUS-LES-PRODUITS/SNACKING/SANDWICHS-GARNIS/PANINI-3-FROMAGES-PREMARQUE-210G/p/840186;2026-09-10
Coup de Pates;841456;FEUILLETE CHEVRE EPINARD CRU 120G;SNAC;snacking;120g;24;https://shop.coupdepates.fr/TOUS-LES-PRODUITS/SNACKING/FEUILLET%C3%89S/FEUILLETE-CHEVRE-EPINARD-CRU-120G/p/841456;2026-09-10
Coup de Pates;70043;LA CUISINE DU FOURNIL : BOEUF SAUCE PAPRIKA CUIT 1200G;SNAC;snacking;;3;https://shop.coupdepates.fr/TOUS-LES-PRODUITS/SNACKING/PLATS-PR%C3%89PAR%C3%89S/LA-CUISINE-DU-FOURNIL-%3A-BOEUF-SAUCE-PAPRIKA-CUIT-1200G/p/70043;2026-09-10
Coup de Pates;70039;TARTE FINE PROVENÇALE 1/2 PLAQUE PRECUIT 1300G;PATI;autres-patisseries;;4;https://shop.coupdepates.fr/TOUS-LES-PRODUITS/SNACKING/PIZZAS/TARTE-FINE-PROVEN%C3%87ALE-1-2-PLAQUE-PRECUIT-1300G/p/70039;2026-09-10
Coup de Pates;70042;LA CUISINE DU FOURNIL POULET CORIANDRE GINGEMBRE CUIT 1200G;SNAC;snacking;;3;https://shop.coupdepates.fr/TOUS-LES-PRODUITS/SNACKING/PLATS-PR%C3%89PAR%C3%89S/LA-CUISINE-DU-FOURNIL-POULET-CORIANDRE-GINGEMBRE-CUIT-1200G/p/70042;2026-09-10
Coup de Pates;70685;BAGUETTE FACON FRANC COMTOISE PRECUIT 170G;PAIN;baguettes;170g;18;https://shop.coupdepates.fr/TOUS-LES-PRODUITS/SNACKING/BAGUETTES-GARNIES/BAGUETTE-FACON-FRANC-COMTOISE-PRECUIT-170G/p/70685;2026-09-10
Coup de Pates;70678;BRETZEL GRATINÉ EMMENTAL TOMATE PRECUIT 120G;SNAC;snacking;120g;15;https://shop.coupdepates.fr/TOUS-LES-PRODUITS/SNACKING/SNACKING-NOMADE-%26-AP%C3%89RITIF/BRETZEL-GRATIN%C3%89-EMMENTAL-TOMATE-PRECUIT-120G/p/70678;2026-09-10
Coup de Pates;70271;PIDE MARGHERITA PRECUITE 150G;SNAC;snacking;150g;20;https://shop.coupdepates.fr/TOUS-LES-PRODUITS/SNACKING/PIZZAS/PIDE-MARGHERITA-PRECUITE-150G/p/70271;2026-09-10
Coup de Pates;70272;PIDE MOZZARELLA AIL PRECUITE 150G;SNAC;snacking;150g;20;https://shop.coupdepates.fr/TOUS-LES-PRODUITS/SNACKING/PIZZAS/PIDE-MOZZARELLA-AIL-PRECUITE-150G/p/70272;2026-09-10
Coup de Pates;70297;GRILLAGE CHEVRE EPINARD CRU 150G;SNAC;snacking;150g;20;https://shop.coupdepates.fr/TOUS-LES-PRODUITS/SNACKING/FEUILLET%C3%89S/GRILLAGE-CHEVRE-EPINARD-CRU-150G/p/70297;2026-09-10
Coup de Pates;70941;LA CUISINE DU FOURNIL BOEUF BOURGUIGNON CUIT 1400G;SNAC;snacking;;4;https://shop.coupdepates.fr/TOUS-LES-PRODUITS/SNACKING/PLATS-PR%C3%89PAR%C3%89S/LA-CUISINE-DU-FOURNIL-BOEUF-BOURGUIGNON-CUIT-1400G/p/70941;2026-09-10
Coup de Pates;71358;LA BREIZH ROLL JAMBON FROMAGE CUIT 150G;SNAC;snacking;150g;20;https://shop.coupdepates.fr/TOUS-LES-PRODUITS/SNACKING/SNACKING-NOMADE-%26-AP%C3%89RITIF/LA-BREIZH-ROLL-JAMBON-FROMAGE-CUIT-150G/p/71358;2026-09-10
Coup de Pates;71357;CROQUE MONSIEUR PREMIUM VÉGÉTARIEN 250G;SNAC;snacking;250g;10;https://shop.coupdepates.fr/TOUS-LES-PRODUITS/SNACKING/CROQUE-MONSIEUR/CROQUE-MONSIEUR-PREMIUM-V%C3%89G%C3%89TARIEN-250G/p/71357;2026-09-10
Coup de Pates;71361;FEUILLETÉ CHARCUTIER CRU 100G;SNAC;snacking;100g;60;https://shop.coupdepates.fr/TOUS-LES-PRODUITS/SNACKING/FEUILLET%C3%89S/FEUILLET%C3%89-CHARCUTIER-CRU-100G/p/71361;2026-09-10
Coup de Pates;71364;PIZZA PINCÉE DIAVOLA PRECUIT 150G;SNAC;snacking;150g;30;https://shop.coupdepates.fr/TOUS-LES-PRODUITS/SNACKING/PIZZAS/PIZZA-PINC%C3%89E-DIAVOLA-PRECUIT-150G/p/71364;2026-09-10
Coup de Pates;71491;CROQNGO LEGUMES D HIVER;SNAC;snacking;200g;12;https://shop.coupdepates.fr/TOUS-LES-PRODUITS/SNACKING/QUICHES-%26-TARTELETTES/CROQNGO-LEGUMES-D-HIVER/p/71491;2026-09-10
Coup de Pates;71489;CROQNGO JAMBON, FROMAGE, OIGNONS;SNAC;snacking;190g;12;https://shop.coupdepates.fr/TOUS-LES-PRODUITS/SNACKING/QUICHES-%26-TARTELETTES/CROQNGO-JAMBON%2C-FROMAGE%2C-OIGNONS/p/71489;2026-09-10
Coup de Pates;71518;QUICHE A BORDS HAUTS LA LORRAINE;SNAC;snacking;;2;https://shop.coupdepates.fr/TOUS-LES-PRODUITS/SNACKING/QUICHES-%26-TARTES-FINES-%C3%80-PARTAGE/QUICHE-A-BORDS-HAUTS-LA-LORRAINE/p/71518;2026-09-10
Coup de Pates;71556;ROLLS TOMATES COURGETTES;SNAC;snacking;130g;24;https://shop.coupdepates.fr/TOUS-LES-PRODUITS/SNACKING/SNACKING-NOMADE-%26-AP%C3%89RITIF/ROLLS-TOMATES-COURGETTES/p/71556;2026-09-10
Coup de Pates;71577;LE TOASTE BRIOCHE JAMBON FROMAGE;SNAC;snacking;170g;12;https://shop.coupdepates.fr/TOUS-LES-PRODUITS/SNACKING/CROQUE-MONSIEUR/LE-TOASTE-BRIOCHE-JAMBON-FROMAGE/p/71577;2026-09-10
Coup de Pates;71109;TOURTE POULET POIREAU CUIT 150G;SNAC;snacking;150g;15;https://shop.coupdepates.fr/TOUS-LES-PRODUITS/SNACKING/FEUILLET%C3%89S/TOURTE-POULET-POIREAU-CUIT-150G/p/71109;2026-09-10
Coup de Pates;71112;FEUILLANTINE JAMBON BECHAMEL CRU 180G;SNAC;snacking;180g;18;https://shop.coupdepates.fr/TOUS-LES-PRODUITS/SNACKING/FEUILLET%C3%89S/FEUILLANTINE-JAMBON-BECHAMEL-CRU-180G/p/71112;2026-09-10
Coup de Pates;71107;TATIN FLETTE CRU 150G;SNAC;snacking;150g;20;https://shop.coupdepates.fr/TOUS-LES-PRODUITS/SNACKING/QUICHES-%26-TARTELETTES/TATIN-FLETTE-CRU-150G/p/71107;2026-09-10
Coup de Pates;71108;TOURTE CHARCUTIERE CUIT 150G;SNAC;snacking;150g;15;https://shop.coupdepates.fr/TOUS-LES-PRODUITS/SNACKING/FEUILLET%C3%89S/TOURTE-CHARCUTIERE-CUIT-150G/p/71108;2026-09-10
Coup de Pates;71110;PIDE MOZZARELLA OIGNONS CARAMELISES PRECUIT 150G;SNAC;snacking;150g;20;https://shop.coupdepates.fr/TOUS-LES-PRODUITS/SNACKING/PIZZAS/PIDE-MOZZARELLA-OIGNONS-CARAMELISES-PRECUIT-150G/p/71110;2026-09-10
Coup de Pates;71111;PIZZA MARGHERITA Ø 260 PRECUIT 350G;SNAC;snacking;350g;10;https://shop.coupdepates.fr/TOUS-LES-PRODUITS/SNACKING/PIZZAS/PIZZA-MARGHERITA-%C3%98-260-PRECUIT-350G/p/71111;2026-09-10
Coup de Pates;71106;BRETZEL FEUILLETE FROMAGE CRU 145G;SNAC;snacking;145g;32;https://shop.coupdepates.fr/TOUS-LES-PRODUITS/SNACKING/SNACKING-NOMADE-%26-AP%C3%89RITIF/BRETZEL-FEUILLETE-FROMAGE-CRU-145G/p/71106;2026-09-10
Coup de Pates;71139;LASAGNE BOLOGNAISE VBF 24% PRECUIT 2000G;SNAC;snacking;;3;https://shop.coupdepates.fr/TOUS-LES-PRODUITS/SNACKING/PLATS-PR%C3%89PAR%C3%89S/LASAGNE-BOLOGNAISE-VBF-24%25-PRECUIT-2000G/p/71139;2026-09-10
Coup de Pates;71138;LASAGNE LEGUMES GRILLES PRECUIT 2000G;SNAC;snacking;;3;https://shop.coupdepates.fr/TOUS-LES-PRODUITS/SNACKING/PLATS-PR%C3%89PAR%C3%89S/LASAGNE-LEGUMES-GRILLES-PRECUIT-2000G/p/71138;2026-09-10
Coup de Pates;71105;CROQ MONSIEUR SELECTION PRECUIT 140G;SNAC;snacking;140g;42;https://shop.coupdepates.fr/TOUS-LES-PRODUITS/SNACKING/CROQUE-MONSIEUR/CROQ-MONSIEUR-SELECTION-PRECUIT-140G/p/71105;2026-09-10
Coup de Pates;71113;CROQUE MONSIEUR HALAL PRECUIT 180G;SNAC;snacking;180g;26;https://shop.coupdepates.fr/TOUS-LES-PRODUITS/SNACKING/CROQUE-MONSIEUR/CROQUE-MONSIEUR-HALAL-PRECUIT-180G/p/71113;2026-09-10
Coup de Pates;71236;BOCAUX D HUBERT MERLU LEGUMES BEURRE CUIT 300G;SNAC;snacking;300g;10;https://shop.coupdepates.fr/TOUS-LES-PRODUITS/SNACKING/PLATS-PR%C3%89PAR%C3%89S/BOCAUX-D-HUBERT-MERLU-LEGUMES-BEURRE-CUIT-300G/p/71236;2026-09-10
Coup de Pates;71234;BOCAUX D HUBERT PARM CANARD CUIT 300G;SNAC;snacking;300g;10;https://shop.coupdepates.fr/TOUS-LES-PRODUITS/SNACKING/PLATS-PR%C3%89PAR%C3%89S/BOCAUX-D-HUBERT-PARM-CANARD-CUIT-300G/p/71234;2026-09-10
Coup de Pates;71237;BOCAUX D HUBERT POULET TIKKA CUIT 300G;SNAC;snacking;300g;10;https://shop.coupdepates.fr/TOUS-LES-PRODUITS/SNACKING/PLATS-PR%C3%89PAR%C3%89S/BOCAUX-D-HUBERT-POULET-TIKKA-CUIT-300G/p/71237;2026-09-10
Coup de Pates;70677;BRETZEL GRATINÉ EMMENTAL LARDONS PRECUIT 110G;SNAC;snacking;110g;15;https://shop.coupdepates.fr/TOUS-LES-PRODUITS/SNACKING/SNACKING-NOMADE-%26-AP%C3%89RITIF/BRETZEL-GRATIN%C3%89-EMMENTAL-LARDONS-PRECUIT-110G/p/70677;2026-09-10
Coup de Pates;70676;PIZZA CHÈVRE Ø 260 MM PRECUITE 400G;SNAC;snacking;400g;10;https://shop.coupdepates.fr/TOUS-LES-PRODUITS/SNACKING/PIZZAS/PIZZA-CH%C3%88VRE-%C3%98-260-MM-PRECUITE-400G/p/70676;2026-09-10
Coup de Pates;70680;LES TACOS D HUBERT POULET SAUCE TIKKA CUIT 210G;SNAC;snacking;210g;20;https://shop.coupdepates.fr/TOUS-LES-PRODUITS/SNACKING/SANDWICHS-GARNIS/LES-TACOS-D-HUBERT-POULET-SAUCE-TIKKA-CUIT-210G/p/70680;2026-09-10
Coup de Pates;70679;LES TACOS D HUBERT BOEUF SAUCE BURGER CUIT 210G;PAIN;petits-pains;210g;20;https://shop.coupdepates.fr/TOUS-LES-PRODUITS/SNACKING/SANDWICHS-GARNIS/LES-TACOS-D-HUBERT-BOEUF-SAUCE-BURGER-CUIT-210G/p/70679;2026-09-10
Coup de Pates;70769;BAGUETTE GARNIE FACON SAVOYARDE PRECUIT 170G;PAIN;baguettes;170g;18;https://shop.coupdepates.fr/TOUS-LES-PRODUITS/SNACKING/BAGUETTES-GARNIES/BAGUETTE-GARNIE-FACON-SAVOYARDE-PRECUIT-170G/p/70769;2026-09-10
Coup de Pates;70768;BAGUETTE GARNIE FLAMBEE PRECUIT 170G;PAIN;baguettes;170g;18;https://shop.coupdepates.fr/TOUS-LES-PRODUITS/SNACKING/BAGUETTES-GARNIES/BAGUETTE-GARNIE-FLAMBEE-PRECUIT-170G/p/70768;2026-09-10
Coup de Pates;70828;KIT DEBUTANT GAUFRIER;SNAC;snacking;;1;https://shop.coupdepates.fr/TOUS-LES-PRODUITS/SNACKING/SOLUTIONS/KIT-DEBUTANT-GAUFRIER/p/70828;2026-09-10
Coup de Pates;70895;LES EMPANADAS D HUBERT LÉGUMES CUISINÉS CRU 150G;SNAC;snacking;150g;32;https://shop.coupdepates.fr/TOUS-LES-PRODUITS/SNACKING/FEUILLET%C3%89S/LES-EMPANADAS-D-HUBERT-L%C3%89GUMES-CUISIN%C3%89S-CRU-150G/p/70895;2026-09-10
Coup de Pates;70894;FEUILLETÉ TRIANGLE CHARCUTIER CRU 133G;SNAC;snacking;133g;35;https://shop.coupdepates.fr/TOUS-LES-PRODUITS/SNACKING/FEUILLET%C3%89S/FEUILLET%C3%89-TRIANGLE-CHARCUTIER-CRU-133G/p/70894;2026-09-10
Coup de Pates;70893;FEUILLETÉ MERGUEZ HALAL CRU 150G;SNAC;snacking;150g;35;https://shop.coupdepates.fr/TOUS-LES-PRODUITS/SNACKING/FEUILLET%C3%89S/FEUILLET%C3%89-MERGUEZ-HALAL-CRU-150G/p/70893;2026-09-10
Coup de Pates;841670;PIZZA EPINARD PECORINO ROMANO PRECUIT D260 450G;SNAC;snacking;450g;10;https://shop.coupdepates.fr/TOUS-LES-PRODUITS/SNACKING/PIZZAS/PIZZA-EPINARD-PECORINO-ROMANO-PRECUIT-D260-450G/p/841670;2026-09-10
Coup de Pates;841680;PIZZA SAUMON PRECUIT D260 450G;SNAC;snacking;400g;10;https://shop.coupdepates.fr/TOUS-LES-PRODUITS/SNACKING/PIZZAS/PIZZA-SAUMON-PRECUIT-D260-450G/p/841680;2026-09-10
Coup de Pates;841738;PISSALADIERE 1/2 PLAQUE PREMARQUEE CUIT 1KG;SNAC;snacking;;4;https://shop.coupdepates.fr/TOUS-LES-PRODUITS/SNACKING/PIZZAS/PISSALADIERE-1-2-PLAQUE-PREMARQUEE-CUIT-1KG/p/841738;2026-09-10
